"group_key","start_year","end_year","n_years","n_usable","frac_usable","beta","p","ec","ic","rho_ce","dsi_base","dsi","dsi_v2","z_shift","s_shift","psi_catch","ks_p_catch","psi_effort","ks_p_effort","psi_logcpue","ks_p_logcpue","s_drift","valid","species","fleet"
"ANC | AFN",2004,2023,20,3,NA,NA,NA,NA,NA,NA,NA,NA,NA,NA,NA,NA,NA,NA,NA,NA,NA,NA,FALSE,"ANC","AFN"
"ANC | AFN",2005,2023,19,3,NA,NA,NA,NA,NA,NA,NA,NA,NA,NA,NA,NA,NA,NA,NA,NA,NA,NA,FALSE,"ANC","AFN"
"ANC | AFN",2006,2023,18,3,NA,NA,NA,NA,NA,NA,NA,NA,NA,NA,NA,NA,NA,NA,NA,NA,NA,NA,FALSE,"ANC","AFN"
"ANC | AFN",2007,2023,17,3,NA,NA,NA,NA,NA,NA,NA,NA,NA,NA,NA,NA,NA,NA,NA,NA,NA,NA,FALSE,"ANC","AFN"
"ANC | AFN",2008,2023,16,3,NA,NA,NA,NA,NA,NA,NA,NA,NA,NA,NA,NA,NA,NA,NA,NA,NA,NA,FALSE,"ANC","AFN"
"ANC | AFN",2009,2023,15,3,NA,NA,NA,NA,NA,NA,NA,NA,NA,NA,NA,NA,NA,NA,NA,NA,NA,NA,FALSE,"ANC","AFN"
"ANC | AFN",2010,2023,14,3,NA,NA,NA,NA,NA,NA,NA,NA,NA,NA,NA,NA,NA,NA,NA,NA,NA,NA,FALSE,"ANC","AFN"
"ANC | AFN",2011,2023,13,3,NA,NA,NA,NA,NA,NA,NA,NA,NA,NA,NA,NA,NA,NA,NA,NA,NA,NA,FALSE,"ANC","AFN"
"ANC | AFN",2012,2023,12,3,NA,NA,NA,NA,NA,NA,NA,NA,NA,NA,NA,NA,NA,NA,NA,NA,NA,NA,FALSE,"ANC","AFN"
"ANC | AFN",2013,2023,11,3,NA,NA,NA,NA,NA,NA,NA,NA,NA,NA,NA,NA,NA,NA,NA,NA,NA,NA,FALSE,"ANC","AFN"
"ANC | AFN",2014,2023,10,3,NA,NA,NA,NA,NA,NA,NA,NA,NA,NA,NA,NA,NA,NA,NA,NA,NA,NA,FALSE,"ANC","AFN"
"ANC | AFN",2015,2023,9,3,NA,NA,NA,NA,NA,NA,NA,NA,NA,NA,NA,NA,NA,NA,NA,NA,NA,NA,FALSE,"ANC","AFN"
"ANC | AFN",2016,2023,8,3,NA,NA,NA,NA,NA,NA,NA,NA,NA,NA,NA,NA,NA,NA,NA,NA,NA,NA,FALSE,"ANC","AFN"
"ANC | APS",2004,2023,20,15,0.75,3.677559160726e-05,1.62149908524902e-07,1.15086406966868,5.039949980034,0.921804511278196,55.4423558897243,36.9615705931496,15.7842836011021,1.88826032894574,0.244695868421706,3.91505767982961,0.000310800310800311,3.91505767982961,0.000310800310800311,3.91505767982961,0.000310800310800311,0.000132000497545291,TRUE,"ANC","APS"
"ANC | APS",2005,2023,19,14,0.736842105263158,3.69172100516239e-05,6.34713554375938e-07,1.17581243908003,5.039949980034,0.914035087719298,54.5701754385965,54.5701754385965,22.1505162881127,1.86100220104536,0.255599119581855,2.75546003227083,0.000582750582750583,2.75546003227083,0.000582750582750583,2.75546003227083,0.000582750582750583,0.00362628195725283,TRUE,"ANC","APS"
"ANC | APS",2006,2023,18,13,0.722222222222222,3.87601121753932e-05,1.95372931402992e-06,1.15296956566474,5.039949980034,0.898864809081527,53.6609907120743,53.6609907120743,20.7896777335996,1.83916187105981,0.264335251576078,2.75546003227083,0.00815850815850816,2.75546003227083,0.00116550116550117,2.75546003227083,0.00116550116550117,0.00725256391450566,TRUE,"ANC","APS"
"ANC | APS",2007,2023,17,12,0.705882352941177,4.07802123500837e-05,6.50449787861957e-06,1.01744766799706,5.039949980034,0.879901960784314,52.7328431372549,52.7328431372549,19.3553931222505,1.8221466636208,0.27114133455168,3.49021452691989,0.025974025974026,3.49021452691989,0.00216450216450216,3.49021452691989,0.00216450216450216,0.00551715879956827,TRUE,"ANC","APS"
"ANC | APS",2008,2023,16,11,0.6875,4.2723859272627e-05,1.4021901886307e-05,1.05595440346358,5.039949980034,0.858823529411765,51.7941176470588,51.7941176470588,32.2713819461018,1.82250788118403,0.270996847526389,3.49021452691989,0.0476190476190476,3.49021452691989,0.025974025974026,3.49021452691989,0.00432900432900433,0.0110343175991365,TRUE,"ANC","APS"
"ANC | APS",2009,2023,15,10,0.666666666666667,4.39093559536479e-05,6.65678363808438e-05,1.07481550451755,5.039949980034,0.828571428571429,50.8095238095238,50.8095238095238,30.7311042384665,1.8490256658792,0.260389733648321,3.00000645337289,0.0793650793650794,3.00000645337289,0.0793650793650794,3.00000645337289,0.00793650793650794,0.0396822835963137,TRUE,"ANC","APS"
"ANC | APS",2010,2023,14,9,0.642857142857143,4.38510113139655e-05,0.000461256284794697,1.08933445627137,5.039949980034,0.789010989010989,49.7783882783883,49.7783882783883,12.9877887617255,1.86844405234085,0.252622379063659,NA,NA,NA,NA,NA,NA,NA,TRUE,"ANC","APS"
"ANC | APS",2011,2023,13,8,0.615384615384615,3.72532688110485e-05,0.00356352795784274,1.16535073036506,3.55877564366276,0.736263736263736,48.6813186813187,48.6813186813187,10.1988415326933,1.55940053517349,0.376239785930603,NA,NA,NA,NA,NA,NA,NA,TRUE,"ANC","APS"
"ANC | APS",2012,2023,12,7,NA,NA,NA,NA,NA,NA,NA,NA,NA,NA,NA,NA,NA,NA,NA,NA,NA,NA,FALSE,"ANC","APS"
"ANC | APS",2013,2023,11,6,NA,NA,NA,NA,NA,NA,NA,NA,NA,NA,NA,NA,NA,NA,NA,NA,NA,NA,FALSE,"ANC","APS"
"ANC | APS",2014,2023,10,5,NA,NA,NA,NA,NA,NA,NA,NA,NA,NA,NA,NA,NA,NA,NA,NA,NA,NA,FALSE,"ANC","APS"
"ANC | APS",2015,2023,9,4,NA,NA,NA,NA,NA,NA,NA,NA,NA,NA,NA,NA,NA,NA,NA,NA,NA,NA,FALSE,"ANC","APS"
"ANC | APS",2016,2023,8,3,NA,NA,NA,NA,NA,NA,NA,NA,NA,NA,NA,NA,NA,NA,NA,NA,NA,NA,FALSE,"ANC","APS"
"ANC | GN",2003,2022,20,11,0.733333333333333,-1.59451276666006e-05,0.0153389792899052,1.53137810891493,5.039949980034,-0.025,79.6906786242666,43.4676428859636,9.69558605926017,1.88480913320327,0.246076346718692,1.85556532783786,0.474025974025974,1.85556532783786,0.238095238095238,1.85556532783786,0.0476190476190476,0.510579683848128,TRUE,"ANC","GN"
"ANC | GN",2004,2022,19,10,0.714285714285714,-1.60168052352083e-05,0.0225267450421422,1.51140914392602,5.039949980034,-0.0241758241758242,77.6036071634127,38.8018035817063,7.10604288076339,1.88457651741625,0.246169393033499,2.00815939292016,0.873015873015873,1.13521980188818,0.357142857142857,1.13521980188818,0.0793650793650794,0.49796015176996,TRUE,"ANC","GN"
"ANC | GN",2005,2022,18,9,0.692307692307692,-1.6235909001644e-05,0.0244769377823947,1.52096451506752,5.039949980034,-0.0879120879120879,76.1103087818538,33.8268039030462,4.69691211914662,1.84570003196292,0.261719987214832,NA,NA,NA,NA,NA,NA,NA,TRUE,"ANC","GN"
"ANC | GN",2006,2022,17,8,0.666666666666667,-1.53226795748098e-05,0.0416274877084437,1.47000524625573,5.039949980034,-0.0629370629370629,72.4005043363371,72.4005043363371,6.92329822716223,1.81480917173417,0.274076331306334,NA,NA,NA,NA,NA,NA,NA,TRUE,"ANC","GN"
"ANC | GN",2007,2022,16,7,NA,NA,NA,NA,NA,NA,NA,NA,NA,NA,NA,NA,NA,NA,NA,NA,NA,NA,FALSE,"ANC","GN"
"ANC | GN",2008,2022,15,6,NA,NA,NA,NA,NA,NA,NA,NA,NA,NA,NA,NA,NA,NA,NA,NA,NA,NA,FALSE,"ANC","GN"
"ANC | GN",2010,2022,13,5,NA,NA,NA,NA,NA,NA,NA,NA,NA,NA,NA,NA,NA,NA,NA,NA,NA,NA,FALSE,"ANC","GN"
"ANC | GN",2013,2022,10,4,NA,NA,NA,NA,NA,NA,NA,NA,NA,NA,NA,NA,NA,NA,NA,NA,NA,NA,FALSE,"ANC","GN"
"ANC | OBT",2004,2023,20,15,0.75,5.79366171777168e-06,5.64192595795445e-06,0.635212953997362,5.039949980034,0.649868417526011,46.7869345009106,46.7869345009106,19.6260331349146,1.88826032894574,0.244695868421706,3.91505767982961,0.00248640248640249,3.91505767982961,0.000310800310800311,3.91505767982961,0.000310800310800311,0.000132000497545291,TRUE,"ANC","OBT"
"ANC | OBT",2005,2023,19,14,0.736842105263158,6.54248398602837e-06,2.51543998545223e-06,0.595478711212984,5.039949980034,0.593242707395426,44.8757877612368,44.8757877612368,18.1767617416269,1.86100220104536,0.255599119581855,2.75546003227083,0.00815850815850816,2.75546003227083,0.000582750582750583,2.75546003227083,0.000582750582750583,0.00362628195725283,TRUE,"ANC","OBT"
"ANC | OBT",2006,2023,18,13,0.722222222222222,7.09019966042721e-06,4.80448615932428e-06,0.532505595608251,5.039949980034,0.521424953327838,42.4239033454709,42.4239033454709,26.7131734229048,1.83916187105981,0.264335251576078,2.75546003227083,0.0384615384615385,2.75546003227083,0.00116550116550117,2.75546003227083,0.00116550116550117,0.00725256391450566,TRUE,"ANC","OBT"
"ANC | OBT",2007,2023,17,12,0.705882352941177,7.50546667375185e-06,1.48824728297079e-05,0.53116260013585,5.039949980034,0.431637113625295,41.1147709041768,41.1147709041768,25.7873693816134,1.8221466636208,0.27114133455168,3.49021452691989,0.142857142857143,3.49021452691989,0.00216450216450216,3.49021452691989,0.00216450216450216,0.00551715879956827,TRUE,"ANC","OBT"
"ANC | OBT",2008,2023,16,11,0.6875,7.81116586068474e-06,3.63662910776145e-05,0.541239108856424,5.039949980034,0.332597588203472,39.9877701181458,39.9877701181458,13.4040274237895,1.82250788118403,0.270996847526389,1.85556532783786,0.357142857142857,3.49021452691989,0.00432900432900433,3.49021452691989,0.00432900432900433,0.0110343175991365,TRUE,"ANC","OBT"
"ANC | OBT",2009,2023,15,10,0.666666666666667,7.76054721330175e-06,0.000173617591449181,0.552538238515525,5.039949980034,0.200178810943182,38.7183254916931,38.7183254916931,11.5694289615704,1.8490256658792,0.260389733648321,2.70130657348011,0.873015873015873,3.00000645337289,0.00793650793650794,3.00000645337289,0.00793650793650794,0.0396822835963137,TRUE,"ANC","OBT"
"ANC | OBT",2010,2023,14,9,0.642857142857143,8.06193429907493e-06,0.00100138035457232,0.571267333866227,5.039949980034,0.0154015494738195,37.335687758027,37.335687758027,4.32360303120595,1.86844405234085,0.252622379063659,NA,NA,NA,NA,NA,NA,NA,TRUE,"ANC","OBT"
"ANC | OBT",2011,2023,13,8,0.615384615384615,1.18539422378839e-05,0.0068739645978339,0.285095611377803,3.55877564366276,-0.231086876109906,29.5464778470065,29.5464778470065,0,1.55940053517349,0.376239785930603,NA,NA,NA,NA,NA,NA,NA,TRUE,"ANC","OBT"
"ANC | OBT",2012,2023,12,7,NA,NA,NA,NA,NA,NA,NA,NA,NA,NA,NA,NA,NA,NA,NA,NA,NA,NA,FALSE,"ANC","OBT"
"ANC | OBT",2013,2023,11,6,NA,NA,NA,NA,NA,NA,NA,NA,NA,NA,NA,NA,NA,NA,NA,NA,NA,NA,FALSE,"ANC","OBT"
"ANC | OBT",2014,2023,10,5,NA,NA,NA,NA,NA,NA,NA,NA,NA,NA,NA,NA,NA,NA,NA,NA,NA,NA,FALSE,"ANC","OBT"
"ANC | OBT",2015,2023,9,4,NA,NA,NA,NA,NA,NA,NA,NA,NA,NA,NA,NA,NA,NA,NA,NA,NA,NA,FALSE,"ANC","OBT"
"ANC | OBT",2016,2023,8,3,NA,NA,NA,NA,NA,NA,NA,NA,NA,NA,NA,NA,NA,NA,NA,NA,NA,NA,FALSE,"ANC","OBT"
"ANC | PS",2004,2023,20,15,0.75,-6.67669503668402e-06,0.287999980562966,1.01846918286169,5.039949980034,0.759684145487582,54.6317540607712,54.6317540607712,26.3142948726048,1.88826032894574,0.244695868421706,1.56578072011902,0.252214452214452,2.40907766591363,0.141414141414141,3.91505767982961,0.000310800310800311,0.000132000497545291,TRUE,"ANC","PS"
"ANC | PS",2005,2023,19,14,0.736842105263158,-6.74041033352878e-06,0.292860772576298,1.01934551685288,5.039949980034,0.772268613177478,53.8613430658874,53.8613430658874,24.7843172603933,1.86100220104536,0.255599119581855,0.34399222980741,0.575174825174825,1.5862645279863,0.212121212121212,2.75546003227083,0.000582750582750583,0.00362628195725283,TRUE,"ANC","PS"
"ANC | PS",2006,2023,18,13,0.722222222222222,-6.27046924198703e-06,0.328915990688246,1.01415673918048,5.039949980034,0.78575126630195,53.0954229981764,53.0954229981764,23.1441587427949,1.83916187105981,0.264335251576078,0.233530774526601,0.277389277389277,1.48235975791333,0.0909090909090909,2.75546003227083,0.00116550116550117,0.00725256391450566,TRUE,"ANC","PS"
"ANC | PS",2007,2023,17,12,0.705882352941177,-5.42943675119385e-06,0.402629985694417,1.00403909940814,5.039949980034,0.841201874849296,52.5393427075798,52.5393427075798,21.4535649389284,1.8221466636208,0.27114133455168,0.462098120373297,0.474025974025974,1.60995222742389,0.142857142857143,3.49021452691989,0.00216450216450216,0.00551715879956827,TRUE,"ANC","PS"
"ANC | PS",2008,2023,16,11,0.6875,-4.93001188399886e-06,0.466156715858567,0.994056691430452,5.039949980034,0.874172422092311,51.7519959390706,51.7519959390706,19.4952121065931,1.82250788118403,0.270996847526389,1.54780104833074,0.688311688311688,1.54780104833074,0.238095238095238,3.49021452691989,0.00432900432900433,0.0110343175991365,TRUE,"ANC","PS"
"ANC | PS",2009,2023,15,10,0.666666666666667,-3.96001789096708e-06,0.563834992799006,0.98163068932212,5.039949980034,0.847185324884537,50.5352070775317,50.5352070775317,17.1819704063608,1.8490256658792,0.260389733648321,0.80042451517385,0.873015873015873,0.80042451517385,0.357142857142857,3.00000645337289,0.00793650793650794,0.0396822835963137,TRUE,"ANC","PS"
"ANC | PS",2010,2023,14,9,0.642857142857143,-2.61737743234612e-06,0.695281512712473,0.967489539375664,5.039949980034,0.864686991887296,49.5065590802831,49.5065590802831,13.8784260419947,1.86844405234085,0.252622379063659,NA,NA,NA,NA,NA,NA,NA,TRUE,"ANC","PS"
"ANC | PS",2011,2023,13,8,0.615384615384615,-6.26850332740493e-07,0.907317586150585,0.951672829829783,3.55877564366276,0.869326819651553,48.3800906948534,48.3800906948534,3.78114831422217,1.55940053517349,0.376239785930603,NA,NA,NA,NA,NA,NA,NA,TRUE,"ANC","PS"
"ANC | PS",2012,2023,12,7,NA,NA,NA,NA,NA,NA,NA,NA,NA,NA,NA,NA,NA,NA,NA,NA,NA,NA,FALSE,"ANC","PS"
"ANC | PS",2013,2023,11,6,NA,NA,NA,NA,NA,NA,NA,NA,NA,NA,NA,NA,NA,NA,NA,NA,NA,NA,FALSE,"ANC","PS"
"ANC | PS",2014,2023,10,5,NA,NA,NA,NA,NA,NA,NA,NA,NA,NA,NA,NA,NA,NA,NA,NA,NA,NA,FALSE,"ANC","PS"
"ANC | PS",2015,2023,9,4,NA,NA,NA,NA,NA,NA,NA,NA,NA,NA,NA,NA,NA,NA,NA,NA,NA,NA,FALSE,"ANC","PS"
"ANC | PS",2016,2023,8,3,NA,NA,NA,NA,NA,NA,NA,NA,NA,NA,NA,NA,NA,NA,NA,NA,NA,NA,FALSE,"ANC","PS"
"ANC | PT",2004,2023,20,14,0.736842105263158,1.16739958509337e-05,0.129639943352723,0.773282277650729,5.039949980034,0.663157894736842,48.7814350266988,31.3594939457349,7.88500960016874,1.89702020596228,0.241191917615088,1.2815950913865,0.212121212121212,1.2815950913865,0.053030303030303,2.75546003227083,0.00815850815850816,0.0507679474015396,TRUE,"ANC","PT"
"ANC | PT",2005,2023,19,13,0.722222222222222,1.14898345673262e-05,0.19879434125155,0.712559330771651,5.039949980034,0.671826625386997,46.7769864090347,28.7858377901752,6.56339812336144,1.87633895369828,0.249464418520688,0.233530774526601,0.0909090909090909,1.248183696083,0.0909090909090909,2.75546003227083,0.00116550116550117,0.00725256391450566,TRUE,"ANC","PT"
"ANC | PT",2006,2023,18,12,0.705882352941177,9.23524170816729e-06,0.360150392164085,0.669928313536707,5.039949980034,0.676470588235294,45.1142525452439,45.1142525452439,9.13406967330963,1.86139021982465,0.25544391207014,0.462098120373297,0.142857142857143,1.60995222742389,0.142857142857143,3.49021452691989,0.00216450216450216,0.00551715879956827,TRUE,"ANC","PT"
"ANC | PT",2007,2023,17,11,0.6875,7.13665996429126e-06,0.495446130529405,0.679560165102147,5.039949980034,0.682352941176471,44.5029680079253,44.5029680079253,7.77261806431807,1.85632497608852,0.257470009564594,1.54780104833074,0.590909090909091,1.54780104833074,0.238095238095238,3.49021452691989,0.00432900432900433,0.0110343175991365,TRUE,"ANC","PT"
"ANC | PT",2008,2023,16,10,0.666666666666667,6.13035679165798e-06,0.578031497040531,0.686641831788572,5.039949980034,0.646428571428571,43.631646159581,43.631646159581,6.30477287005945,1.88671833364481,0.245312666542076,0.80042451517385,0.873015873015873,0.80042451517385,0.357142857142857,3.00000645337289,0.00793650793650794,0.0396822835963137,TRUE,"ANC","PT"
"ANC | PT",2009,2023,15,9,0.642857142857143,4.26624149006379e-06,0.704454111740766,0.695359202841615,5.039949980034,0.595604395604396,42.7185393681876,42.7185393681876,10.7779552897991,1.94195714828532,0.223217140685872,NA,NA,NA,NA,NA,NA,NA,TRUE,"ANC","PT"
"ANC | PT",2010,2023,14,8,0.615384615384615,-6.30710915475104e-07,0.955999120669917,0.714494989940817,5.039949980034,0.60989010989011,42.3393503482669,42.3393503482669,24.2229937088642,1.54149412978612,0.38340234808555,NA,NA,NA,NA,NA,NA,NA,TRUE,"ANC","PT"
"ANC | PT",2011,2023,13,7,NA,NA,NA,NA,NA,NA,NA,NA,NA,NA,NA,NA,NA,NA,NA,NA,NA,NA,FALSE,"ANC","PT"
"ANC | PT",2013,2023,11,6,NA,NA,NA,NA,NA,NA,NA,NA,NA,NA,NA,NA,NA,NA,NA,NA,NA,NA,FALSE,"ANC","PT"
"ANC | PT",2014,2023,10,5,NA,NA,NA,NA,NA,NA,NA,NA,NA,NA,NA,NA,NA,NA,NA,NA,NA,NA,FALSE,"ANC","PT"
"ANC | PT",2015,2023,9,4,NA,NA,NA,NA,NA,NA,NA,NA,NA,NA,NA,NA,NA,NA,NA,NA,NA,NA,FALSE,"ANC","PT"
"ANC | PT",2016,2023,8,3,NA,NA,NA,NA,NA,NA,NA,NA,NA,NA,NA,NA,NA,NA,NA,NA,NA,NA,FALSE,"ANC","PT"
"CMA | AFN",2008,2023,16,3,NA,NA,NA,NA,NA,NA,NA,NA,NA,NA,NA,NA,NA,NA,NA,NA,NA,NA,FALSE,"CMA","AFN"
"CMA | AFN",2009,2023,15,3,NA,NA,NA,NA,NA,NA,NA,NA,NA,NA,NA,NA,NA,NA,NA,NA,NA,NA,FALSE,"CMA","AFN"
"CMA | AFN",2016,2023,8,3,NA,NA,NA,NA,NA,NA,NA,NA,NA,NA,NA,NA,NA,NA,NA,NA,NA,NA,FALSE,"CMA","AFN"
"CMA | APS",2004,2023,20,12,0.705882352941177,6.71254573783261e-06,0.0867877184689865,1.12324049462614,1.97574278271481,0.0196078431372549,48.0792753107898,48.0792753107898,17.2462755186481,1.89332423533387,0.242670305866452,0,0.930735930735931,3.49021452691989,0.00216450216450216,3.49021452691989,0.142857142857143,0.00551715879956827,TRUE,"CMA","APS"
"CMA | APS",2005,2023,19,11,0.6875,5.25923940272733e-06,0.13153288061678,1.15106694515622,1.79706669914217,0.0823529411764706,44.8246438314857,44.8246438314857,8.16902807576357,1.44923973854451,0.420304104582196,0.0924196240746594,0.896103896103896,3.49021452691989,0.00432900432900433,1.54780104833074,0.357142857142857,0.0110343175991365,TRUE,"CMA","APS"
"CMA | APS",2006,2023,18,10,0.666666666666667,2.94043022921848e-06,0.386331178482797,1.13958657091329,1.65544366773566,-0.114285714285714,40.6395964716863,40.6395964716863,12.2417289251653,1.36922818824764,0.452308724700944,0.219722457733622,0.873015873015873,3.00000645337289,0.00793650793650794,2.17034543616343,0.873015873015873,0.0396822835963137,TRUE,"CMA","APS"
"CMA | APS",2007,2023,17,9,0.642857142857143,3.51730311664809e-08,0.991159269519542,1.0192192403992,1.44128776217003,-0.2,35.380501481601,35.380501481601,20.7100273851955,0.980913552227411,0.607634579109036,NA,NA,NA,NA,NA,NA,NA,TRUE,"CMA","APS"
"CMA | APS",2008,2023,16,8,0.615384615384615,-4.32644182304943e-07,0.907308406355159,1.07336638627375,1.44128776217003,-0.153846153846154,34.7779373790369,34.7779373790369,7.33967590298728,0.865562133134257,0.653775146746297,NA,NA,NA,NA,NA,NA,NA,TRUE,"CMA","APS"
"CMA | APS",2010,2023,14,7,NA,NA,NA,NA,NA,NA,NA,NA,NA,NA,NA,NA,NA,NA,NA,NA,NA,NA,FALSE,"CMA","APS"
"CMA | APS",2011,2023,13,6,NA,NA,NA,NA,NA,NA,NA,NA,NA,NA,NA,NA,NA,NA,NA,NA,NA,NA,FALSE,"CMA","APS"
"CMA | APS",2012,2023,12,5,NA,NA,NA,NA,NA,NA,NA,NA,NA,NA,NA,NA,NA,NA,NA,NA,NA,NA,FALSE,"CMA","APS"
"CMA | APS",2015,2023,9,4,NA,NA,NA,NA,NA,NA,NA,NA,NA,NA,NA,NA,NA,NA,NA,NA,NA,NA,FALSE,"CMA","APS"
"CMA | APS",2016,2023,8,3,NA,NA,NA,NA,NA,NA,NA,NA,NA,NA,NA,NA,NA,NA,NA,NA,NA,NA,FALSE,"CMA","APS"
"CMA | GN",2004,2023,20,15,0.75,-2.54888999929545e-07,0.905580717049332,1.74171345820942,1.97574278271481,0.494736842105263,52.9549203056299,35.3032802037533,10.3998194755341,2.02307553047441,0.190769787810236,2.40907766591363,0.118104118104118,1.21090322101322,0.421756021756022,2.27885876059992,0.0559440559440559,0.397730583521594,TRUE,"CMA","GN"
"CMA | GN",2005,2023,19,14,0.736842105263158,-7.6484523278337e-07,0.676722392411289,1.76920371189488,1.79706669914217,0.568421052631579,49.7549843887612,31.9853471070608,4.21949762546603,1.49894083127885,0.40042366748846,1.5862645279863,0.212121212121212,0.156944612666873,0.575174825174825,1.23466593896192,0.212121212121212,0.603433868003424,TRUE,"CMA","GN"
"CMA | GN",2006,2023,18,13,0.722222222222222,-4.60879633670491e-07,0.766730687423614,1.74777599146854,1.65544366773566,0.570691434468524,46.5644822154575,28.6550659787431,2.86200959263714,1.41021186219694,0.435915255121224,1.48235975791333,0.277389277389277,0.634305380169239,0.332750582750583,1.48235975791333,0.433566433566434,0.629410060521668,TRUE,"CMA","GN"
"CMA | GN",2007,2023,17,12,0.705882352941177,5.22384306176136e-09,0.996804733532516,1.70750778519657,1.44128776217003,0.588235294117647,41.8216779521892,41.8216779521892,2.59714247054965,1.27894144088623,0.488423423645509,1.60995222742389,0.142857142857143,0.462098120373297,0.474025974025974,0.183102048111352,0.930735930735931,0.597511943144027,TRUE,"CMA","GN"
"CMA | GN",2008,2023,16,11,0.6875,7.49848579302202e-08,0.95705120390212,1.66074494639791,1.44128776217003,0.608823529411765,41.0912857953265,41.0912857953265,1.26462052683859,1.23123759923721,0.507504960305118,1.54780104833074,0.590909090909091,1.85556532783786,0.238095238095238,0.0924196240746594,0.818181818181818,0.536108668040535,TRUE,"CMA","GN"
"CMA | GN",2009,2023,15,10,0.666666666666667,4.45106856272615e-07,0.736163994389914,1.60949507884046,1.3818750687074,0.607142857142857,39.0349247878389,39.0349247878389,0,1.0531194890069,0.578752204397238,0.80042451517385,0.873015873015873,2.00815939292016,0.357142857142857,0.80042451517385,0.873015873015873,0.49796015176996,TRUE,"CMA","GN"
"CMA | GN",2010,2023,14,9,0.642857142857143,7.82355571023487e-07,0.536482565507247,1.55699946060227,1.34243606315198,0.569230769230769,37.1765547378142,16.5229132168063,0,1.35196742867597,0.45921302852961,NA,NA,NA,NA,NA,NA,NA,TRUE,"CMA","GN"
"CMA | GN",2011,2023,13,8,0.615384615384615,8.52742341254651e-07,0.527761896939808,1.52811942369215,1.34243606315198,0.543956043956044,36.2168477781073,36.2168477781073,0,1.41987808754308,0.432048764982768,NA,NA,NA,NA,NA,NA,NA,TRUE,"CMA","GN"
"CMA | GN",2012,2023,12,7,NA,NA,NA,NA,NA,NA,NA,NA,NA,NA,NA,NA,NA,NA,NA,NA,NA,NA,FALSE,"CMA","GN"
"CMA | GN",2013,2023,11,6,NA,NA,NA,NA,NA,NA,NA,NA,NA,NA,NA,NA,NA,NA,NA,NA,NA,NA,FALSE,"CMA","GN"
"CMA | GN",2014,2023,10,5,NA,NA,NA,NA,NA,NA,NA,NA,NA,NA,NA,NA,NA,NA,NA,NA,NA,NA,FALSE,"CMA","GN"
"CMA | GN",2015,2023,9,4,NA,NA,NA,NA,NA,NA,NA,NA,NA,NA,NA,NA,NA,NA,NA,NA,NA,NA,FALSE,"CMA","GN"
"CMA | GN",2016,2023,8,3,NA,NA,NA,NA,NA,NA,NA,NA,NA,NA,NA,NA,NA,NA,NA,NA,NA,NA,FALSE,"CMA","GN"
"CMA | OBT",2004,2023,20,15,0.789473684210526,1.53030339874579e-06,0.00223437393070847,0.635212953997362,1.97574278271481,0.850877192982456,47.4398811399631,47.4398811399631,21.6611538538241,2.02307553047441,0.190769787810236,2.72493734215197,0.00466200466200466,3.91505767982961,0.000310800310800311,2.27885876059992,0.0559440559440559,0.000132000497545291,TRUE,"CMA","OBT"
"CMA | OBT",2005,2023,19,14,0.777777777777778,1.23067449435721e-06,0.014292084578777,0.595478711212984,1.79706669914217,0.824561403508772,42.9452603674068,42.9452603674068,18.9113546287666,1.49894083127885,0.40042366748846,1.53172901634475,0.00815850815850816,2.75546003227083,0.000582750582750583,1.23466593896192,0.212121212121212,0.00362628195725283,TRUE,"CMA","OBT"
"CMA | OBT",2006,2023,18,13,0.764705882352941,8.89978604961751e-07,0.0775836732018417,0.532505595608251,1.65544366773566,0.848039215686275,38.6013330337113,38.6013330337113,15.6989970543127,1.41021186219694,0.435915255121224,2.75546003227083,0.00116550116550117,2.75546003227083,0.00116550116550117,1.48235975791333,0.433566433566434,0.00725256391450566,TRUE,"CMA","OBT"
"CMA | OBT",2007,2023,17,12,0.75,5.06227821283497e-07,0.300290606813665,0.53116260013585,1.44128776217003,0.870588235294118,33.8566946607886,33.8566946607886,21.9811453822902,1.27894144088623,0.488423423645509,3.49021452691989,0.00216450216450216,3.49021452691989,0.00216450216450216,0.183102048111352,0.930735930735931,0.00551715879956827,TRUE,"CMA","OBT"
"CMA | OBT",2008,2023,16,11,0.733333333333333,5.14234636781205e-07,0.348436866861313,0.541239108856424,1.44128776217003,0.882142857142857,33.2826646111104,33.2826646111104,11.5332063080583,1.23123759923721,0.507504960305118,3.49021452691989,0.025974025974026,3.49021452691989,0.00432900432900433,0.0924196240746594,0.818181818181818,0.0110343175991365,TRUE,"CMA","OBT"
"CMA | OBT",2009,2023,15,10,0.714285714285714,2.68483205777688e-07,0.631670077537357,0.552538238515525,1.3818750687074,0.894505494505494,31.5225027449626,31.5225027449626,4.79013534319777,1.0531194890069,0.578752204397238,3.00000645337289,0.0793650793650794,3.00000645337289,0.00793650793650794,0.80042451517385,0.873015873015873,0.0396822835963137,TRUE,"CMA","OBT"
"CMA | OBT",2010,2023,14,9,0.692307692307692,-1.74181943435119e-07,0.785308962872761,0.571267333866227,1.34243606315198,0.901098901098901,30.2612420744794,30.2612420744794,3.91272719092372,1.35196742867597,0.45921302852961,NA,NA,NA,NA,NA,NA,NA,TRUE,"CMA","OBT"
"CMA | OBT",2011,2023,13,8,0.666666666666667,-2.06154086720443e-06,0.112924677099962,0.285095611377803,1.34243606315198,0.895104895104895,38.9126857689143,38.9126857689143,9.92273487107315,1.41987808754308,0.432048764982768,NA,NA,NA,NA,NA,NA,NA,TRUE,"CMA","OBT"
"CMA | OBT",2012,2023,12,7,NA,NA,NA,NA,NA,NA,NA,NA,NA,NA,NA,NA,NA,NA,NA,NA,NA,NA,FALSE,"CMA","OBT"
"CMA | OBT",2013,2023,11,6,NA,NA,NA,NA,NA,NA,NA,NA,NA,NA,NA,NA,NA,NA,NA,NA,NA,NA,FALSE,"CMA","OBT"
"CMA | OBT",2014,2023,10,5,NA,NA,NA,NA,NA,NA,NA,NA,NA,NA,NA,NA,NA,NA,NA,NA,NA,NA,FALSE,"CMA","OBT"
"CMA | OBT",2015,2023,9,4,NA,NA,NA,NA,NA,NA,NA,NA,NA,NA,NA,NA,NA,NA,NA,NA,NA,NA,FALSE,"CMA","OBT"
"CMA | OBT",2016,2023,8,3,NA,NA,NA,NA,NA,NA,NA,NA,NA,NA,NA,NA,NA,NA,NA,NA,NA,NA,FALSE,"CMA","OBT"
"CMA | PS",2004,2023,20,15,0.75,-1.31553387962155e-06,0.528180030559584,1.01846918286169,1.97574278271481,0.212109830720295,51.5417852487051,34.3611901658034,11.3983694390133,2.02307553047441,0.190769787810236,3.91505767982961,0.00248640248640249,2.40907766591363,0.141414141414141,2.27885876059992,0.0559440559440559,0.00105600398036233,TRUE,"CMA","PS"
"CMA | PS",2005,2023,19,14,0.736842105263158,-1.37441759812259e-06,0.436397353118782,1.01934551685288,1.79706669914217,0.276437060398756,48.2950644275971,31.0468271320267,9.75326223376234,1.49894083127885,0.40042366748846,3.91580029577389,0.00815850815850816,1.5862645279863,0.212121212121212,1.23466593896192,0.212121212121212,0.00343471986936362,TRUE,"CMA","PS"
"CMA | PS",2006,2023,18,13,0.722222222222222,-1.10861448756441e-06,0.457527093292283,1.01415673918048,1.65544366773566,0.318017595296978,45.3011130195998,10.454103004523,3.02478283871264,1.41021186219694,0.435915255121224,3.91580029577389,0.0384615384615385,1.48235975791333,0.0909090909090909,1.48235975791333,0.433566433566434,0.0161922508127142,TRUE,"CMA","PS"
"CMA | PS",2007,2023,17,12,0.705882352941177,-7.02894874352477e-07,0.575225271107212,1.00403909940814,1.44128776217003,0.351931396620624,40.6401584647041,23.7067591044107,6.01324216358149,1.27894144088623,0.488423423645509,3.49021452691989,0.112554112554113,1.60995222742389,0.142857142857143,0.183102048111352,0.930735930735931,0.127446368270027,TRUE,"CMA","PS"
"CMA | PS",2008,2023,16,11,0.6875,-6.64182086719437e-07,0.61801772962223,0.994056691430452,1.44128776217003,0.404709454672366,39.9518492502385,21.7919177728574,4.69746680125668,1.23123759923721,0.507504960305118,1.85556532783786,0.218614718614719,1.54780104833074,0.238095238095238,0.0924196240746594,0.818181818181818,0.536108668040535,TRUE,"CMA","PS"
"CMA | PS",2009,2023,15,10,0.666666666666667,-3.89537170085965e-07,0.758470660471433,0.98163068932212,1.3818750687074,0.466488121930093,37.9642648982175,18.9821324491087,3.26288324247596,1.0531194890069,0.578752204397238,1.95062297842981,0.357142857142857,0.80042451517385,0.357142857142857,0.80042451517385,0.873015873015873,0.512344255392549,TRUE,"CMA","PS"
"CMA | PS",2010,2023,14,9,0.642857142857143,-1.30342409411582e-07,0.915309762206668,0.967489539375664,1.34243606315198,0.541254452937086,36.3864639438591,16.1717617528263,1.81340495986719,1.35196742867597,0.45921302852961,NA,NA,NA,NA,NA,NA,NA,TRUE,"CMA","PS"
"CMA | PS",2011,2023,13,8,0.615384615384615,-2.70333694285424e-08,0.983735150197883,0.951672829829783,1.34243606315198,0.607978566908206,35.5704169894638,13.3389063710489,1.0425028687229,1.41987808754308,0.432048764982768,NA,NA,NA,NA,NA,NA,NA,TRUE,"CMA","PS"
"CMA | PS",2012,2023,12,7,NA,NA,NA,NA,NA,NA,NA,NA,NA,NA,NA,NA,NA,NA,NA,NA,NA,NA,FALSE,"CMA","PS"
"CMA | PS",2013,2023,11,6,NA,NA,NA,NA,NA,NA,NA,NA,NA,NA,NA,NA,NA,NA,NA,NA,NA,NA,FALSE,"CMA","PS"
"CMA | PS",2014,2023,10,5,NA,NA,NA,NA,NA,NA,NA,NA,NA,NA,NA,NA,NA,NA,NA,NA,NA,NA,FALSE,"CMA","PS"
"CMA | PS",2015,2023,9,4,NA,NA,NA,NA,NA,NA,NA,NA,NA,NA,NA,NA,NA,NA,NA,NA,NA,NA,FALSE,"CMA","PS"
"CMA | PS",2016,2023,8,3,NA,NA,NA,NA,NA,NA,NA,NA,NA,NA,NA,NA,NA,NA,NA,NA,NA,NA,FALSE,"CMA","PS"
"CMA | PT",2004,2023,20,15,0.75,7.05939054967913e-06,8.00444347138476e-05,0.790181125654486,1.97574278271481,0.32781954887218,47.9239563525542,47.9239563525542,7.07742858503596,2.02307553047441,0.190769787810236,1.21090322101322,0.507692307692308,1.56578072011902,0.0326340326340326,2.27885876059992,0.0559440559440559,0.397191957090137,TRUE,"CMA","PT"
"CMA | PT",2005,2023,19,14,0.736842105263158,6.11970358799906e-06,0.000582276662186574,0.728274403503023,1.79706669914217,0.256140350877193,42.7590689500497,42.7590689500497,5.18131003267023,1.49894083127885,0.40042366748846,2.14129032928499,0.575174825174825,1.2815950913865,0.053030303030303,1.23466593896192,0.212121212121212,0.464677417678753,TRUE,"CMA","PT"
"CMA | PT",2006,2023,18,13,0.722222222222222,5.11669634080876e-06,0.00307748059755026,0.684890751779517,1.65544366773566,0.252837977296182,38.6730299651862,23.7987876708838,2.15380022659404,1.41021186219694,0.435915255121224,3.91580029577389,0.0384615384615385,1.248183696083,0.277389277389277,1.48235975791333,0.433566433566434,0.0161922508127142,TRUE,"CMA","PT"
"CMA | PT",2007,2023,17,12,0.705882352941177,4.33189636716891e-06,0.00273109487706152,0.695422152696302,1.44128776217003,0.230392156862745,33.9409053198407,33.9409053198407,12.1981015723302,1.27894144088623,0.488423423645509,3.49021452691989,0.025974025974026,1.60995222742389,0.474025974025974,0.183102048111352,0.930735930735931,0.0662059055948192,TRUE,"CMA","PT"
"CMA | PT",2008,2023,16,11,0.6875,4.37931181865538e-06,0.0046711485752512,0.703666803902837,1.44128776217003,0.279411764705882,33.5175630498538,33.5175630498538,11.0701415157873,1.23123759923721,0.507504960305118,3.49021452691989,0.108225108225108,1.54780104833074,0.590909090909091,0.0924196240746594,0.818181818181818,0.127446368270027,TRUE,"CMA","PT"
"CMA | PT",2009,2023,15,10,0.666666666666667,4.00253418962256e-06,0.00616783527701353,0.713688458794149,1.3818750687074,0.342857142857143,31.9872653922933,31.9872653922933,18.4886393967455,1.0531194890069,0.578752204397238,1.95062297842981,0.357142857142857,0.80042451517385,0.873015873015873,0.80042451517385,0.873015873015873,0.512344255392549,TRUE,"CMA","PT"
"CMA | PT",2010,2023,14,9,0.642857142857143,3.63270324044581e-06,0.0179181644142584,0.733766357818321,1.34243606315198,0.437362637362637,31.19254123484,31.19254123484,17.7073372474208,1.35196742867597,0.45921302852961,NA,NA,NA,NA,NA,NA,NA,TRUE,"CMA","PT"
"CMA | PT",2011,2023,13,8,0.615384615384615,3.60284561605503e-06,0.033020795160756,0.747358589691203,1.34243606315198,0.494505494505495,30.9167668246786,30.9167668246786,6.44347039350874,1.41987808754308,0.432048764982768,NA,NA,NA,NA,NA,NA,NA,TRUE,"CMA","PT"
"CMA | PT",2012,2023,12,7,NA,NA,NA,NA,NA,NA,NA,NA,NA,NA,NA,NA,NA,NA,NA,NA,NA,NA,FALSE,"CMA","PT"
"CMA | PT",2013,2023,11,6,NA,NA,NA,NA,NA,NA,NA,NA,NA,NA,NA,NA,NA,NA,NA,NA,NA,NA,FALSE,"CMA","PT"
"CMA | PT",2014,2023,10,5,NA,NA,NA,NA,NA,NA,NA,NA,NA,NA,NA,NA,NA,NA,NA,NA,NA,NA,FALSE,"CMA","PT"
"CMA | PT",2015,2023,9,4,NA,NA,NA,NA,NA,NA,NA,NA,NA,NA,NA,NA,NA,NA,NA,NA,NA,NA,FALSE,"CMA","PT"
"CMA | PT",2016,2023,8,3,NA,NA,NA,NA,NA,NA,NA,NA,NA,NA,NA,NA,NA,NA,NA,NA,NA,NA,FALSE,"CMA","PT"
"DMF | AFN",2016,2023,8,3,NA,NA,NA,NA,NA,NA,NA,NA,NA,NA,NA,NA,NA,NA,NA,NA,NA,NA,FALSE,"DMF","AFN"
"DMF | GN",2004,2023,20,15,0.75,6.67235416853513e-06,0.292502625891946,1.74171345820942,6.09777981519231,0.535338345864662,53.5100250626567,53.5100250626567,22.021252443444,1.29369990899769,0.482520036400924,3.91505767982961,0.000310800310800311,1.21090322101322,0.421756021756022,1.06423296807677,0.507692307692308,0.000132000497545291,TRUE,"DMF","GN"
"DMF | GN",2005,2023,19,14,0.736842105263158,6.6121278640991e-06,0.319711748936691,1.76920371189488,6.09777981519231,0.62280701754386,53.1140350877193,53.1140350877193,20.7743767313019,1.40791570828915,0.43683371668434,3.91580029577389,0.000582750582750583,0.156944612666873,0.575174825174825,1.23466593896192,0.575174825174825,0.000245337133525973,TRUE,"DMF","GN"
"DMF | GN",2006,2023,18,13,0.722222222222222,6.59727282136033e-06,0.344272972219365,1.74777599146854,6.09777981519231,0.657378740970072,52.453560371517,52.453560371517,19.4347165991903,1.71067288393009,0.315730846427965,3.91580029577389,0.00116550116550117,0.634305380169239,0.332750582750583,1.96919801236721,0.433566433566434,0.000490674267051945,TRUE,"DMF","GN"
"DMF | GN",2007,2023,17,12,0.705882352941177,8.03565614743303e-06,0.23776044839523,1.70750778519657,6.09777981519231,0.654411764705882,51.6053921568627,51.6053921568627,18.0819709331335,1.3321350252434,0.467145989902641,3.49021452691989,0.00216450216450216,0.462098120373297,0.474025974025974,0.183102048111352,0.930735930735931,0.00551715879956827,TRUE,"DMF","GN"
"DMF | GN",2008,2023,16,11,0.6875,1.00805621232773e-05,0.10308002478961,1.66074494639791,6.09777981519231,0.629411764705882,50.6470588235294,27.6256684491979,5.07975547780387,1.27068404568518,0.491726381725927,3.49021452691989,0.00432900432900433,1.85556532783786,0.238095238095238,1.85556532783786,0.108225108225108,0.0110343175991365,TRUE,"DMF","GN"
"DMF | GN",2009,2023,15,10,0.666666666666667,1.26368826323686e-05,0.00614735900384427,1.60949507884046,4.16127082430987,0.6,49.6666666666667,49.6666666666667,14.7050397114645,1.79920712788512,0.280317148845951,3.00000645337289,0.00793650793650794,2.00815939292016,0.357142857142857,3.00000645337289,0.0793650793650794,0.0396822835963137,TRUE,"DMF","GN"
"DMF | GN",2010,2023,14,9,0.642857142857143,1.34622197480211e-05,0.00485761652093134,1.55699946060227,4.16127082430987,0.578021978021978,48.7234432234432,48.7234432234432,12.5927661227343,1.80659706403572,0.277361174385711,NA,NA,NA,NA,NA,NA,NA,TRUE,"DMF","GN"
"DMF | GN",2011,2023,13,8,0.615384615384615,1.34654931322022e-05,0.00968324116382379,1.52811942369215,4.16127082430987,0.604395604395604,48.021978021978,48.021978021978,10.1410424495307,1.72492509247757,0.310029963008972,NA,NA,NA,NA,NA,NA,NA,TRUE,"DMF","GN"
"DMF | GN",2012,2023,12,7,NA,NA,NA,NA,NA,NA,NA,NA,NA,NA,NA,NA,NA,NA,NA,NA,NA,NA,FALSE,"DMF","GN"
"DMF | GN",2013,2023,11,6,NA,NA,NA,NA,NA,NA,NA,NA,NA,NA,NA,NA,NA,NA,NA,NA,NA,NA,FALSE,"DMF","GN"
"DMF | GN",2014,2023,10,5,NA,NA,NA,NA,NA,NA,NA,NA,NA,NA,NA,NA,NA,NA,NA,NA,NA,NA,FALSE,"DMF","GN"
"DMF | GN",2015,2023,9,4,NA,NA,NA,NA,NA,NA,NA,NA,NA,NA,NA,NA,NA,NA,NA,NA,NA,NA,FALSE,"DMF","GN"
"DMF | GN",2016,2023,8,3,NA,NA,NA,NA,NA,NA,NA,NA,NA,NA,NA,NA,NA,NA,NA,NA,NA,NA,FALSE,"DMF","GN"
"DMF | OBT",2004,2023,20,15,0.75,1.50844048578269e-06,0.395081569916634,0.635212953997362,6.09777981519231,0.580451127819549,46.4398480523783,46.4398480523783,28.5198716851668,1.29369990899769,0.482520036400924,2.27885876059992,0.372804972804973,3.91505767982961,0.000310800310800311,1.06423296807677,0.507692307692308,0.000132000497545291,TRUE,"DMF","OBT"
"DMF | OBT",2005,2023,19,14,0.736842105263158,1.69330073569792e-06,0.413189062683316,0.595478711212984,6.09777981519231,0.610526315789474,44.962205803207,44.962205803207,27.3559525834249,1.40791570828915,0.43683371668434,1.3336869647562,0.575174825174825,2.75546003227083,0.000582750582750583,1.23466593896192,0.575174825174825,0.00362628195725283,TRUE,"DMF","OBT"
"DMF | OBT",2006,2023,18,13,0.722222222222222,2.2969193260393e-06,0.344534369428752,0.532505595608251,6.09777981519231,0.636738906088751,43.0004731092754,43.0004731092754,25.8898681845429,1.71067288393009,0.315730846427965,1.26657334485575,0.332750582750583,2.75546003227083,0.00116550116550117,1.96919801236721,0.433566433566434,0.00725256391450566,TRUE,"DMF","OBT"
"DMF | OBT",2007,2023,17,12,0.705882352941177,1.23469878769576e-06,0.648121535090833,0.53116260013585,6.09777981519231,0.67156862745098,42.3144284733052,42.3144284733052,25.1770849416166,1.3321350252434,0.467145989902641,0.183102048111352,0.474025974025974,3.49021452691989,0.00216450216450216,0.183102048111352,0.930735930735931,0.00551715879956827,TRUE,"DMF","OBT"
"DMF | OBT",2008,2023,16,11,0.6875,-1.37365953515666e-07,0.959397461935999,0.541239108856424,6.09777981519231,0.708823529411765,41.8688998241873,41.8688998241873,7.31256771567792,1.27068404568518,0.491726381725927,1.54780104833074,0.238095238095238,3.49021452691989,0.00432900432900433,1.85556532783786,0.108225108225108,0.0110343175991365,TRUE,"DMF","OBT"
"DMF | OBT",2009,2023,15,10,0.666666666666667,-2.08722160001057e-06,0.386706399171532,0.552538238515525,4.16127082430987,0.75,41.4674314369772,41.4674314369772,14.0989266885722,1.79920712788512,0.280317148845951,2.00815939292016,0.357142857142857,3.00000645337289,0.00793650793650794,3.00000645337289,0.0793650793650794,0.0396822835963137,TRUE,"DMF","OBT"
"DMF | OBT",2010,2023,14,9,0.642857142857143,-3.62968746555051e-06,0.22166961094251,0.571267333866227,4.16127082430987,0.797802197802198,41.2476909996689,18.3323071109639,2.41844192574974,1.80659706403572,0.277361174385711,NA,NA,NA,NA,NA,NA,NA,TRUE,"DMF","OBT"
"DMF | OBT",2011,2023,13,8,0.615384615384615,-1.38629585441772e-05,0.0137301758491201,0.285095611377803,4.16127082430987,0.851648351648352,67.5573732122018,67.5573732122018,6.21472098761078,1.72492509247757,0.310029963008972,NA,NA,NA,NA,NA,NA,NA,TRUE,"DMF","OBT"
"DMF | OBT",2012,2023,12,7,NA,NA,NA,NA,NA,NA,NA,NA,NA,NA,NA,NA,NA,NA,NA,NA,NA,NA,FALSE,"DMF","OBT"
"DMF | OBT",2013,2023,11,6,NA,NA,NA,NA,NA,NA,NA,NA,NA,NA,NA,NA,NA,NA,NA,NA,NA,NA,FALSE,"DMF","OBT"
"DMF | OBT",2014,2023,10,5,NA,NA,NA,NA,NA,NA,NA,NA,NA,NA,NA,NA,NA,NA,NA,NA,NA,NA,FALSE,"DMF","OBT"
"DMF | OBT",2015,2023,9,4,NA,NA,NA,NA,NA,NA,NA,NA,NA,NA,NA,NA,NA,NA,NA,NA,NA,NA,FALSE,"DMF","OBT"
"DMF | OBT",2016,2023,8,3,NA,NA,NA,NA,NA,NA,NA,NA,NA,NA,NA,NA,NA,NA,NA,NA,NA,NA,FALSE,"DMF","OBT"
"DMF | PS",2008,2023,16,11,0.6875,-2.23663855918415e-06,0.727150427451038,0.994056691430452,6.09777981519231,0.197058823529412,48.3664279462561,48.3664279462561,9.9381017753206,1.27068404568518,0.491726381725927,1.85556532783786,0.108225108225108,1.54780104833074,0.238095238095238,1.85556532783786,0.108225108225108,0.536108668040535,TRUE,"DMF","PS"
"DMF | PS",2009,2023,15,10,0.666666666666667,-5.47770749790026e-07,0.921589591855862,0.98163068932212,4.16127082430987,0.232142857142857,47.4599947388233,47.4599947388233,7.26137919503997,1.79920712788512,0.280317148845951,2.00815939292016,0.357142857142857,0.80042451517385,0.357142857142857,3.00000645337289,0.0793650793650794,0.249998386656776,TRUE,"DMF","PS"
"DMF | PS",2010,2023,14,9,0.642857142857143,-2.44463489117068e-07,0.967559264505802,0.967489539375664,4.16127082430987,0.274725274725275,46.556750494473,46.556750494473,5.45944728510536,1.80659706403572,0.277361174385711,NA,NA,NA,NA,NA,NA,NA,TRUE,"DMF","PS"
"DMF | PS",2011,2023,13,8,0.615384615384615,-4.65848129405142e-07,0.943779016792869,0.951672829829783,4.16127082430987,0.258241758241758,45.3246653878044,45.3246653878044,3.64653820840885,1.72492509247757,0.310029963008972,NA,NA,NA,NA,NA,NA,NA,TRUE,"DMF","PS"
"DMF | PS",2012,2023,12,7,NA,NA,NA,NA,NA,NA,NA,NA,NA,NA,NA,NA,NA,NA,NA,NA,NA,NA,FALSE,"DMF","PS"
"DMF | PS",2013,2023,11,6,NA,NA,NA,NA,NA,NA,NA,NA,NA,NA,NA,NA,NA,NA,NA,NA,NA,NA,FALSE,"DMF","PS"
"DMF | PS",2014,2023,10,5,NA,NA,NA,NA,NA,NA,NA,NA,NA,NA,NA,NA,NA,NA,NA,NA,NA,NA,FALSE,"DMF","PS"
"DMF | PS",2015,2023,9,4,NA,NA,NA,NA,NA,NA,NA,NA,NA,NA,NA,NA,NA,NA,NA,NA,NA,NA,FALSE,"DMF","PS"
"DMF | PS",2016,2023,8,3,NA,NA,NA,NA,NA,NA,NA,NA,NA,NA,NA,NA,NA,NA,NA,NA,NA,NA,FALSE,"DMF","PS"
"DMF | PT",2004,2023,20,15,0.75,1.34596596008483e-05,0.0407918821446497,0.790181125654486,6.09777981519231,0.0781954887218045,47.0279332900321,47.0279332900321,19.709883379088,1.29369990899769,0.482520036400924,0.22093602228216,0.997513597513597,1.56578072011902,0.0326340326340326,1.06423296807677,0.507692307692308,0.397191957090137,TRUE,"DMF","PT"
"DMF | PT",2005,2023,19,14,0.736842105263158,1.60284907683556e-05,0.0338274719681418,0.728274403503023,6.09777981519231,0.182456140350877,45.4777687718149,45.4777687718149,11.7664061509163,1.40791570828915,0.43683371668434,0,0.962703962703963,1.2815950913865,0.053030303030303,1.23466593896192,0.575174825174825,0.679601227153376,TRUE,"DMF","PT"
"DMF | PT",2006,2023,18,13,0.722222222222222,2.00963966616693e-05,0.0173841118970032,0.684890751779517,6.09777981519231,0.232198142414861,44.0254724143313,44.0254724143313,10.0381550514728,1.71067288393009,0.315730846427965,0.0825175214952316,0.711538461538462,1.248183696083,0.277389277389277,1.96919801236721,0.433566433566434,0.507700496908197,TRUE,"DMF","PT"
"DMF | PT",2007,2023,17,12,0.705882352941177,1.84103043521159e-05,0.0340352277356441,0.695422152696302,6.09777981519231,0.240196078431373,43.4427567794162,43.4427567794162,8.83410329452569,1.3321350252434,0.467145989902641,0.183102048111352,0.930735930735931,1.60995222742389,0.474025974025974,0.183102048111352,0.930735930735931,0.597511943144027,TRUE,"DMF","PT"
"DMF | PT",2008,2023,16,11,0.6875,1.63588336244833e-05,0.0475135772825076,0.703666803902837,6.09777981519231,0.294117647058824,43.0439243133509,43.0439243133509,14.062908357756,1.27068404568518,0.491726381725927,1.85556532783786,0.238095238095238,1.54780104833074,0.590909090909091,1.85556532783786,0.108225108225108,0.536108668040535,TRUE,"DMF","PT"
"DMF | PT",2009,2023,15,10,0.666666666666667,1.36767668939523e-05,0.0564388156574619,0.713688458794149,4.16127082430987,0.339285714285714,42.6368644139782,42.6368644139782,12.3220538156397,1.79920712788512,0.280317148845951,1.13521980188818,0.357142857142857,0.80042451517385,0.873015873015873,3.00000645337289,0.0793650793650794,0.249998386656776,TRUE,"DMF","PT"
"DMF | PT",2010,2023,14,9,0.642857142857143,1.45626169077359e-05,0.0749327403714284,0.733766357818321,4.16127082430987,0.340659340659341,42.2119571929965,42.2119571929965,10.6501438028997,1.80659706403572,0.277361174385711,NA,NA,NA,NA,NA,NA,NA,TRUE,"DMF","PT"
"DMF | PT",2011,2023,13,8,0.615384615384615,1.57549064538858e-05,0.0773167452809813,0.747358589691203,4.16127082430987,0.401098901098901,41.9526662993186,41.9526662993186,3.27881265157835,1.72492509247757,0.310029963008972,NA,NA,NA,NA,NA,NA,NA,TRUE,"DMF","PT"
"DMF | PT",2012,2023,12,7,NA,NA,NA,NA,NA,NA,NA,NA,NA,NA,NA,NA,NA,NA,NA,NA,NA,NA,FALSE,"DMF","PT"
"DMF | PT",2013,2023,11,6,NA,NA,NA,NA,NA,NA,NA,NA,NA,NA,NA,NA,NA,NA,NA,NA,NA,NA,FALSE,"DMF","PT"
"DMF | PT",2014,2023,10,5,NA,NA,NA,NA,NA,NA,NA,NA,NA,NA,NA,NA,NA,NA,NA,NA,NA,NA,FALSE,"DMF","PT"
"DMF | PT",2015,2023,9,4,NA,NA,NA,NA,NA,NA,NA,NA,NA,NA,NA,NA,NA,NA,NA,NA,NA,NA,FALSE,"DMF","PT"
"DMF | PT",2016,2023,8,3,NA,NA,NA,NA,NA,NA,NA,NA,NA,NA,NA,NA,NA,NA,NA,NA,NA,NA,FALSE,"DMF","PT"
"LPF | AFN",2007,2023,17,3,NA,NA,NA,NA,NA,NA,NA,NA,NA,NA,NA,NA,NA,NA,NA,NA,NA,NA,FALSE,"LPF","AFN"
"LPF | AFN",2008,2023,16,3,NA,NA,NA,NA,NA,NA,NA,NA,NA,NA,NA,NA,NA,NA,NA,NA,NA,NA,FALSE,"LPF","AFN"
"LPF | AFN",2016,2023,8,3,NA,NA,NA,NA,NA,NA,NA,NA,NA,NA,NA,NA,NA,NA,NA,NA,NA,NA,FALSE,"LPF","AFN"
"LPF | APS",2005,2023,19,12,0.705882352941177,-3.12031623219301e-05,8.04527036504537e-05,1.12855962363542,4.32261830215358,-0.316176470588235,81.7383717572533,47.6807168583978,20.7418387011974,1.82679648985142,0.269281404059431,1.60995222742389,0.142857142857143,3.49021452691989,0.00216450216450216,3.49021452691989,0.00216450216450216,0.00551715879956827,TRUE,"LPF","APS"
"LPF | APS",2006,2023,18,11,0.6875,-3.18315082999729e-05,0.000307519036102399,1.10882497010242,4.32261830215358,-0.317647058823529,80.8579488745644,44.1043357497624,17.4156760994037,1.81788504780474,0.272845980878104,1.54780104833074,0.238095238095238,3.49021452691989,0.00432900432900433,3.49021452691989,0.00432900432900433,0.0110343175991365,TRUE,"LPF","APS"
"LPF | APS",2007,2023,17,10,0.666666666666667,-3.39595548374953e-05,0.000675750320983311,0.981541337775435,4.32261830215358,-0.35,79.4292371160033,39.7146185580016,6.92829182127804,1.8371408768463,0.265143649261479,0.80042451517385,0.357142857142857,3.00000645337289,0.00793650793650794,3.00000645337289,0.00793650793650794,0.0396822835963137,TRUE,"LPF","APS"
"LPF | APS",2008,2023,16,9,0.642857142857143,-3.45155346114869e-05,0.00191309854510808,1.02145556180586,4.32261830215358,-0.362637362637363,78.6853542747526,34.9712685665567,10.5545170696539,1.91287829931781,0.234848680272877,NA,NA,NA,NA,NA,NA,NA,TRUE,"LPF","APS"
"LPF | APS",2009,2023,15,8,0.615384615384615,-3.23729246928119e-05,0.00747202468739594,1.04588560582492,4.32261830215358,-0.368131868131868,76.8517363390464,28.8194011271424,0,1.57698168595929,0.369207325616284,NA,NA,NA,NA,NA,NA,NA,TRUE,"LPF","APS"
"LPF | APS",2010,2023,14,7,NA,NA,NA,NA,NA,NA,NA,NA,NA,NA,NA,NA,NA,NA,NA,NA,NA,NA,FALSE,"LPF","APS"
"LPF | APS",2011,2023,13,6,NA,NA,NA,NA,NA,NA,NA,NA,NA,NA,NA,NA,NA,NA,NA,NA,NA,NA,FALSE,"LPF","APS"
"LPF | APS",2012,2023,12,5,NA,NA,NA,NA,NA,NA,NA,NA,NA,NA,NA,NA,NA,NA,NA,NA,NA,NA,FALSE,"LPF","APS"
"LPF | APS",2015,2023,9,4,NA,NA,NA,NA,NA,NA,NA,NA,NA,NA,NA,NA,NA,NA,NA,NA,NA,NA,FALSE,"LPF","APS"
"LPF | APS",2016,2023,8,3,NA,NA,NA,NA,NA,NA,NA,NA,NA,NA,NA,NA,NA,NA,NA,NA,NA,NA,FALSE,"LPF","APS"
"LPF | GN",2004,2023,20,15,0.75,8.82629199880584e-06,0.134634884688723,1.74171345820942,4.32261830215358,0.768421052631579,54.6754385964912,54.6754385964912,23.7597882251135,1.85935471743592,0.256258113025633,2.40907766591363,0.141414141414141,1.21090322101322,0.421756021756022,3.91505767982961,0.000310800310800311,0.000132000497545291,TRUE,"LPF","GN"
"LPF | GN",2005,2023,19,14,0.736842105263158,9.74730728574991e-06,0.0910312647311629,1.76920371189488,4.32261830215358,0.798245614035088,53.9912280701754,53.9912280701754,22.6187229402585,1.86316958821772,0.254732164712911,1.5862645279863,0.212121212121212,0.156944612666873,0.575174825174825,3.91580029577389,0.000582750582750583,0.000245337133525973,TRUE,"LPF","GN"
"LPF | GN",2006,2023,18,13,0.722222222222222,9.21975109113664e-06,0.104966988552582,1.74777599146854,4.32261830215358,0.79360165118679,53.1346749226006,53.1346749226006,21.0327662917853,1.87968669491124,0.248125322035503,1.96919801236721,0.0675990675990676,0.634305380169239,0.332750582750583,3.91580029577389,0.00116550116550117,0.000490674267051945,TRUE,"LPF","GN"
"LPF | GN",2007,2023,17,12,0.705882352941177,8.58075709480962e-06,0.141099964817426,1.70750778519657,4.32261830215358,0.794117647058824,52.3039215686275,52.3039215686275,19.2851017086122,1.93000840790334,0.227996636838666,1.95257306326764,0.142857142857143,0.462098120373297,0.474025974025974,3.49021452691989,0.00216450216450216,0.00551715879956827,TRUE,"LPF","GN"
"LPF | GN",2008,2023,16,11,0.6875,7.89176694925714e-06,0.191189358256859,1.66074494639791,4.32261830215358,0.776470588235294,51.3823529411765,51.3823529411765,17.4865995283381,2.04714823471879,0.181140706112486,1.85556532783786,0.238095238095238,1.85556532783786,0.238095238095238,3.49021452691989,0.025974025974026,0.0662059055948192,TRUE,"LPF","GN"
"LPF | GN",2009,2023,15,10,0.666666666666667,6.46281148038199e-06,0.262389721988174,1.60949507884046,4.32261830215358,0.771428571428571,50.5238095238095,25.2619047619048,7.36260444191013,1.70728269193703,0.317086923225187,0.219722457733622,0.357142857142857,2.00815939292016,0.357142857142857,3.00000645337289,0.0793650793650794,0.249998386656776,TRUE,"LPF","GN"
"LPF | GN",2010,2023,14,9,0.642857142857143,4.90131727933083e-06,0.348335834288052,1.55699946060227,4.32261830215358,0.753846153846154,49.6025641025641,22.0455840455841,5.59504257329677,1.41856916696689,0.432572333213246,NA,NA,NA,NA,NA,NA,NA,TRUE,"LPF","GN"
"LPF | GN",2011,2023,13,8,0.615384615384615,3.70118754148302e-06,0.064962232678277,1.52811942369215,1.64569144630647,0.752747252747253,43.1376136154789,43.1376136154789,8.99045937611063,1.68028626515061,0.327885493939758,NA,NA,NA,NA,NA,NA,NA,TRUE,"LPF","GN"
"LPF | GN",2012,2023,12,7,NA,NA,NA,NA,NA,NA,NA,NA,NA,NA,NA,NA,NA,NA,NA,NA,NA,NA,FALSE,"LPF","GN"
"LPF | GN",2013,2023,11,6,NA,NA,NA,NA,NA,NA,NA,NA,NA,NA,NA,NA,NA,NA,NA,NA,NA,NA,FALSE,"LPF","GN"
"LPF | GN",2014,2023,10,5,NA,NA,NA,NA,NA,NA,NA,NA,NA,NA,NA,NA,NA,NA,NA,NA,NA,NA,FALSE,"LPF","GN"
"LPF | GN",2015,2023,9,4,NA,NA,NA,NA,NA,NA,NA,NA,NA,NA,NA,NA,NA,NA,NA,NA,NA,NA,FALSE,"LPF","GN"
"LPF | GN",2016,2023,8,3,NA,NA,NA,NA,NA,NA,NA,NA,NA,NA,NA,NA,NA,NA,NA,NA,NA,NA,FALSE,"LPF","GN"
"LPF | OBT",2004,2023,20,15,0.75,-5.6917301530633e-06,2.01550729732252e-07,0.635212953997362,4.32261830215358,0.508270676691729,81.0789105253615,54.0526070169077,41.8682636765976,1.85935471743592,0.256258113025633,2.27885876059992,0.735664335664336,3.91505767982961,0.000310800310800311,3.91505767982961,0.000310800310800311,0.000132000497545291,TRUE,"LPF","OBT"
"LPF | OBT",2005,2023,19,14,0.736842105263158,-6.05190188194165e-06,5.50769884977519e-07,0.595478711212984,4.32261830215358,0.498245614035088,79.4007059097053,79.4007059097053,39.3803276756904,1.86316958821772,0.254732164712911,1.3336869647562,0.575174825174825,2.75546003227083,0.000582750582750583,3.91580029577389,0.000582750582750583,0.000245337133525973,TRUE,"LPF","OBT"
"LPF | OBT",2006,2023,18,13,0.722222222222222,-6.41880759761764e-06,1.86385295042388e-06,0.532505595608251,4.32261830215358,0.531475748194014,77.4738311455354,77.4738311455354,13.7417178418846,1.87968669491124,0.248125322035503,1.26657334485575,0.711538461538462,2.75546003227083,0.00116550116550117,3.91580029577389,0.00116550116550117,0.000490674267051945,TRUE,"LPF","OBT"
"LPF | OBT",2007,2023,17,12,0.705882352941177,-6.95092450083709e-06,2.71343988804007e-06,0.53116260013585,4.32261830215358,0.568627450980392,76.7992477389719,44.7995611810669,19.3034996442973,1.93000840790334,0.227996636838666,0.183102048111352,0.930735930735931,3.49021452691989,0.00216450216450216,3.49021452691989,0.00216450216450216,0.00551715879956827,TRUE,"LPF","OBT"
"LPF | OBT",2008,2023,16,11,0.6875,-7.0691972508429e-06,1.19916530794785e-05,0.541239108856424,4.32261830215358,0.632352941176471,76.4844483437219,76.4844483437219,16.529684545013,2.04714823471879,0.181140706112486,0.0924196240746594,0.818181818181818,3.49021452691989,0.00432900432900433,3.49021452691989,0.025974025974026,0.0110343175991365,TRUE,"LPF","OBT"
"LPF | OBT",2009,2023,15,10,0.666666666666667,-6.62112161081389e-06,4.04914679178849e-05,0.552538238515525,4.32261830215358,0.685714285714286,76.138916858663,38.0694584293315,6.67600238891005,1.70728269193703,0.317086923225187,0.277258872223978,0.873015873015873,3.00000645337289,0.00793650793650794,3.00000645337289,0.0793650793650794,0.0396822835963137,TRUE,"LPF","OBT"
"LPF | OBT",2010,2023,14,9,0.642857142857143,-6.33338893482017e-06,0.000456694037059801,0.571267333866227,4.32261830215358,0.745054945054945,75.9040332794471,75.9040332794471,0,1.41856916696689,0.432572333213246,NA,NA,NA,NA,NA,NA,NA,TRUE,"LPF","OBT"
"LPF | OBT",2011,2023,13,8,0.615384615384615,-3.36594252289203e-06,0.129214227416276,0.285095611377803,1.64569144630647,0.813186813186813,41.5292338473845,41.5292338473845,3.9073472622069,1.68028626515061,0.327885493939758,NA,NA,NA,NA,NA,NA,NA,TRUE,"LPF","OBT"
"LPF | OBT",2012,2023,12,7,NA,NA,NA,NA,NA,NA,NA,NA,NA,NA,NA,NA,NA,NA,NA,NA,NA,NA,FALSE,"LPF","OBT"
"LPF | OBT",2013,2023,11,6,NA,NA,NA,NA,NA,NA,NA,NA,NA,NA,NA,NA,NA,NA,NA,NA,NA,NA,FALSE,"LPF","OBT"
"LPF | OBT",2014,2023,10,5,NA,NA,NA,NA,NA,NA,NA,NA,NA,NA,NA,NA,NA,NA,NA,NA,NA,NA,FALSE,"LPF","OBT"
"LPF | OBT",2015,2023,9,4,NA,NA,NA,NA,NA,NA,NA,NA,NA,NA,NA,NA,NA,NA,NA,NA,NA,NA,FALSE,"LPF","OBT"
"LPF | OBT",2016,2023,8,3,NA,NA,NA,NA,NA,NA,NA,NA,NA,NA,NA,NA,NA,NA,NA,NA,NA,NA,FALSE,"LPF","OBT"
"LPF | PS",2004,2023,20,15,0.75,4.80090193051995e-06,0.420013961725875,1.01846918286169,4.32261830215358,0.312781954887218,52.3972431077694,52.3972431077694,21.4523046157059,1.85935471743592,0.256258113025633,2.40907766591363,0.0559440559440559,2.40907766591363,0.141414141414141,3.91505767982961,0.000310800310800311,0.000132000497545291,TRUE,"LPF","PS"
"LPF | PS",2005,2023,19,14,0.736842105263158,4.8949761491888e-06,0.404228589318343,1.01934551685288,4.32261830215358,0.305263157894737,51.5263157894737,51.5263157894737,20.1533755441235,1.86316958821772,0.254732164712911,3.91580029577389,0.053030303030303,1.5862645279863,0.212121212121212,3.91580029577389,0.000582750582750583,0.000245337133525973,TRUE,"LPF","PS"
"LPF | PS",2006,2023,18,13,0.722222222222222,4.39651096572522e-06,0.447971851152031,1.01415673918048,4.32261830215358,0.331269349845201,50.8230134158927,50.8230134158927,11.5880480293436,1.87968669491124,0.248125322035503,3.91580029577389,0.0384615384615385,1.48235975791333,0.0909090909090909,3.91580029577389,0.00116550116550117,0.000490674267051945,TRUE,"LPF","PS"
"LPF | PS",2007,2023,17,12,0.705882352941177,3.71973166144588e-06,0.529681397108064,1.00403909940814,4.32261830215358,0.348039215686275,50.0735294117647,50.0735294117647,17.3796875,1.93000840790334,0.227996636838666,3.49021452691989,0.142857142857143,1.60995222742389,0.142857142857143,3.49021452691989,0.00216450216450216,0.00551715879956827,TRUE,"LPF","PS"
"LPF | PS",2008,2023,16,11,0.6875,3.09350313020641e-06,0.61017816838962,0.994056691430452,4.32261830215358,0.385294117647059,49.3076044168443,49.3076044168443,15.7882389029049,2.04714823471879,0.181140706112486,3.49021452691989,0.025974025974026,1.54780104833074,0.238095238095238,3.49021452691989,0.025974025974026,0.0662059055948192,TRUE,"LPF","PS"
"LPF | PS",2009,2023,15,10,0.666666666666667,1.82001709846453e-06,0.751259171492323,0.98163068932212,4.32261830215358,0.410714285714286,48.3528518816805,48.3528518816805,13.9739741938057,1.70728269193703,0.317086923225187,3.00000645337289,0.0793650793650794,0.80042451517385,0.357142857142857,3.00000645337289,0.0793650793650794,0.249998386656776,TRUE,"LPF","PS"
"LPF | PS",2010,2023,14,9,0.642857142857143,3.67871729473865e-07,0.943158153173269,0.967489539375664,4.32261830215358,0.441758241758242,47.3919153296378,21.063073479839,2.40054768767825,1.41856916696689,0.432572333213246,NA,NA,NA,NA,NA,NA,NA,TRUE,"LPF","PS"
"LPF | PS",2011,2023,13,8,0.615384615384615,-1.74669561013295e-06,0.422430199037915,0.951672829829783,1.64569144630647,0.483516483516484,40.8249163659207,40.8249163659207,3.75782105270383,1.68028626515061,0.327885493939758,NA,NA,NA,NA,NA,NA,NA,TRUE,"LPF","PS"
"LPF | PS",2012,2023,12,7,NA,NA,NA,NA,NA,NA,NA,NA,NA,NA,NA,NA,NA,NA,NA,NA,NA,NA,FALSE,"LPF","PS"
"LPF | PS",2013,2023,11,6,NA,NA,NA,NA,NA,NA,NA,NA,NA,NA,NA,NA,NA,NA,NA,NA,NA,NA,FALSE,"LPF","PS"
"LPF | PS",2014,2023,10,5,NA,NA,NA,NA,NA,NA,NA,NA,NA,NA,NA,NA,NA,NA,NA,NA,NA,NA,FALSE,"LPF","PS"
"LPF | PS",2015,2023,9,4,NA,NA,NA,NA,NA,NA,NA,NA,NA,NA,NA,NA,NA,NA,NA,NA,NA,NA,FALSE,"LPF","PS"
"LPF | PS",2016,2023,8,3,NA,NA,NA,NA,NA,NA,NA,NA,NA,NA,NA,NA,NA,NA,NA,NA,NA,NA,FALSE,"LPF","PS"
"LPF | PT",2004,2023,20,15,0.75,-1.21209177613539e-05,0.0552258616809903,0.790181125654486,4.32261830215358,0.365413533834586,73.7994977214227,49.1996651476151,16.0654517260351,1.85935471743592,0.256258113025633,2.40907766591363,0.118104118104118,1.56578072011902,0.0326340326340326,3.91505767982961,0.000310800310800311,0.000132000497545291,TRUE,"LPF","PT"
"LPF | PT",2005,2023,19,14,0.736842105263158,-1.08530115861665e-05,0.128425240345135,0.728274403503023,4.32261830215358,0.359649122807018,58.889316623697,37.8574178295195,11.2650028158166,1.86316958821772,0.254732164712911,2.2780207187699,0.053030303030303,1.2815950913865,0.053030303030303,3.91580029577389,0.000582750582750583,0.000245337133525973,TRUE,"LPF","PT"
"LPF | PT",2006,2023,18,13,0.722222222222222,-8.71626083771782e-06,0.271786197873591,0.684890751779517,4.32261830215358,0.407636738906089,44.9026653967875,44.9026653967875,12.044896437797,1.87968669491124,0.248125322035503,3.91580029577389,0.0151515151515152,1.248183696083,0.277389277389277,3.91580029577389,0.00116550116550117,0.000490674267051945,TRUE,"LPF","PT"
"LPF | PT",2007,2023,17,12,0.705882352941177,-7.28631972784179e-06,0.382191711087141,0.695422152696302,4.32261830215358,0.397058823529412,44.2270705049064,44.2270705049064,10.5346424883215,1.93000840790334,0.227996636838666,3.49021452691989,0.025974025974026,1.60995222742389,0.474025974025974,3.49021452691989,0.00216450216450216,0.00551715879956827,TRUE,"LPF","PT"
"LPF | PT",2008,2023,16,11,0.6875,-6.12811130932299e-06,0.478394399562191,0.703666803902837,4.32261830215358,0.423529411764706,43.6909831368803,43.6909831368803,16.4585919430407,2.04714823471879,0.181140706112486,1.85556532783786,0.0476190476190476,1.54780104833074,0.590909090909091,3.49021452691989,0.025974025974026,0.0662059055948192,TRUE,"LPF","PT"
"LPF | PT",2009,2023,15,10,0.666666666666667,-3.77655377764517e-06,0.648487185654655,0.713688458794149,4.32261830215358,0.453571428571428,43.2082929854068,43.2082929854068,13.9562786342864,1.70728269193703,0.317086923225187,2.00815939292016,0.0793650793650794,0.80042451517385,0.873015873015873,3.00000645337289,0.0793650793650794,0.249998386656776,TRUE,"LPF","PT"
"LPF | PT",2010,2023,14,9,0.642857142857143,1.01301908370944e-06,0.897876451200017,0.733766357818321,4.32261830215358,0.538461538461538,43.2009681820074,19.2004303031144,0,1.41856916696689,0.432572333213246,NA,NA,NA,NA,NA,NA,NA,TRUE,"LPF","PT"
"LPF | PT",2011,2023,13,8,0.615384615384615,5.39696747695519e-06,0.07356279386678,0.747358589691203,1.64569144630647,0.532967032967033,36.9858843104019,36.9858843104019,2.89063356644697,1.68028626515061,0.327885493939758,NA,NA,NA,NA,NA,NA,NA,TRUE,"LPF","PT"
"LPF | PT",2012,2023,12,7,NA,NA,NA,NA,NA,NA,NA,NA,NA,NA,NA,NA,NA,NA,NA,NA,NA,NA,FALSE,"LPF","PT"
"LPF | PT",2013,2023,11,6,NA,NA,NA,NA,NA,NA,NA,NA,NA,NA,NA,NA,NA,NA,NA,NA,NA,NA,FALSE,"LPF","PT"
"LPF | PT",2014,2023,10,5,NA,NA,NA,NA,NA,NA,NA,NA,NA,NA,NA,NA,NA,NA,NA,NA,NA,NA,FALSE,"LPF","PT"
"LPF | PT",2015,2023,9,4,NA,NA,NA,NA,NA,NA,NA,NA,NA,NA,NA,NA,NA,NA,NA,NA,NA,NA,FALSE,"LPF","PT"
"LPF | PT",2016,2023,8,3,NA,NA,NA,NA,NA,NA,NA,NA,NA,NA,NA,NA,NA,NA,NA,NA,NA,NA,FALSE,"LPF","PT"
"MPF | AFN",2008,2023,16,3,NA,NA,NA,NA,NA,NA,NA,NA,NA,NA,NA,NA,NA,NA,NA,NA,NA,NA,FALSE,"MPF","AFN"
"MPF | AFN",2009,2023,15,3,NA,NA,NA,NA,NA,NA,NA,NA,NA,NA,NA,NA,NA,NA,NA,NA,NA,NA,FALSE,"MPF","AFN"
"MPF | AFN",2011,2023,13,3,NA,NA,NA,NA,NA,NA,NA,NA,NA,NA,NA,NA,NA,NA,NA,NA,NA,NA,FALSE,"MPF","AFN"
"MPF | AFN",2013,2023,11,3,NA,NA,NA,NA,NA,NA,NA,NA,NA,NA,NA,NA,NA,NA,NA,NA,NA,NA,FALSE,"MPF","AFN"
"MPF | AFN",2014,2023,10,3,NA,NA,NA,NA,NA,NA,NA,NA,NA,NA,NA,NA,NA,NA,NA,NA,NA,NA,FALSE,"MPF","AFN"
"MPF | AFN",2016,2023,8,3,NA,NA,NA,NA,NA,NA,NA,NA,NA,NA,NA,NA,NA,NA,NA,NA,NA,NA,FALSE,"MPF","AFN"
"MPF | APS",2004,2023,20,15,0.75,6.61827983002044e-06,0.0355009417767621,1.15086406966868,1.80666879939488,0.853704460523174,52.1684967144514,52.1684967144514,14.4295901864174,1.71208613199492,0.31516554720203,3.91505767982961,0.00248640248640249,3.91505767982961,0.000310800310800311,2.40907766591363,0.087024087024087,0.000132000497545291,TRUE,"MPF","APS"
"MPF | APS",2005,2023,19,14,0.736842105263158,6.26116957251008e-06,0.0576877016985933,1.17581243908003,1.80666879939488,0.924089601904414,51.6870890880243,51.6870890880243,13.1673209322972,1.82305409651163,0.270778361395347,2.75546003227083,0.000582750582750583,2.75546003227083,0.000582750582750583,1.53172901634475,0.212121212121212,0.00362628195725283,TRUE,"MPF","APS"
"MPF | APS",2006,2023,18,13,0.722222222222222,4.59977069657734e-06,0.180303475412311,1.15296956566474,1.76469350749098,0.918946947449061,50.1497541546437,50.1497541546437,4.36499952587519,1.11911908876357,0.552352364494574,2.75546003227083,0.00815850815850816,2.75546003227083,0.00116550116550117,0.233530774526601,0.332750582750583,0.00725256391450566,TRUE,"MPF","APS"
"MPF | APS",2007,2023,17,12,0.705882352941177,2.16368809731057e-06,0.527803781222229,1.01744766799706,1.59931797749166,0.911097657453392,46.4379577195837,46.4379577195837,9.64722159196948,0.974050393609086,0.610379842556366,3.49021452691989,0.0151515151515152,3.49021452691989,0.00216450216450216,0.462098120373297,0.474025974025974,0.00551715879956827,TRUE,"MPF","APS"
"MPF | APS",2008,2023,16,11,0.6875,2.15887560888195e-07,0.948340639271752,1.05595440346358,1.43226345943918,0.913907532187416,42.4354755669753,42.4354755669753,13.5877910544142,1.31743047487771,0.473027810048917,3.49021452691989,0.108225108225108,3.49021452691989,0.025974025974026,0.0924196240746594,0.688311688311688,0.0662059055948192,TRUE,"MPF","APS"
"MPF | APS",2009,2023,15,10,0.666666666666667,8.69383595147673e-07,0.822640057601552,1.07481550451755,1.43226345943918,0.916890446552252,41.6170568054661,41.6170568054661,12.0273294167797,1.24407924090256,0.502368303638974,3.00000645337289,0.285714285714286,3.00000645337289,0.0793650793650794,0,0.873015873015873,0.249998386656776,TRUE,"MPF","APS"
"MPF | APS",2010,2023,14,9,0.642857142857143,1.9866343869283e-06,0.672393411235142,1.08933445627137,1.43226345943918,0.897690312188338,40.6877228003132,40.6877228003132,10.265577046206,1.16741052395496,0.533035790418017,NA,NA,NA,NA,NA,NA,NA,TRUE,"MPF","APS"
"MPF | APS",2011,2023,13,8,0.615384615384615,-4.82983936645545e-07,0.934489862843901,1.16535073036506,1.43226345943918,0.872077853890956,39.726327175493,39.726327175493,0,1.35201838869058,0.459192644523769,NA,NA,NA,NA,NA,NA,NA,TRUE,"MPF","APS"
"MPF | APS",2012,2023,12,7,NA,NA,NA,NA,NA,NA,NA,NA,NA,NA,NA,NA,NA,NA,NA,NA,NA,NA,FALSE,"MPF","APS"
"MPF | APS",2013,2023,11,6,NA,NA,NA,NA,NA,NA,NA,NA,NA,NA,NA,NA,NA,NA,NA,NA,NA,NA,FALSE,"MPF","APS"
"MPF | APS",2014,2023,10,5,NA,NA,NA,NA,NA,NA,NA,NA,NA,NA,NA,NA,NA,NA,NA,NA,NA,NA,FALSE,"MPF","APS"
"MPF | APS",2015,2023,9,4,NA,NA,NA,NA,NA,NA,NA,NA,NA,NA,NA,NA,NA,NA,NA,NA,NA,NA,FALSE,"MPF","APS"
"MPF | APS",2016,2023,8,3,NA,NA,NA,NA,NA,NA,NA,NA,NA,NA,NA,NA,NA,NA,NA,NA,NA,NA,FALSE,"MPF","APS"
"MPF | GN",2004,2023,20,15,0.75,9.01526124971941e-07,0.657608020107899,1.74171345820942,1.80666879939488,-0.509774436090226,45.3511022313844,45.3511022313844,18.8354663179683,1.71208613199492,0.31516554720203,1.06423296807677,0.421756021756022,1.21090322101322,0.421756021756022,2.40907766591363,0.087024087024087,0.397730583521594,TRUE,"MPF","GN"
"MPF | GN",2005,2023,19,14,0.736842105263158,7.07834004159692e-07,0.732555358051253,1.76920371189488,1.80666879939488,-0.62280701754386,43.9526059907829,43.9526059907829,17.6089390754999,1.82305409651163,0.270778361395347,0,0.575174825174825,0.156944612666873,0.575174825174825,1.53172901634475,0.212121212121212,0.617067745913812,TRUE,"MPF","GN"
"MPF | GN",2006,2023,18,13,0.722222222222222,9.99667541664081e-07,0.5970001318119,1.74777599146854,1.76469350749098,-0.609907120743034,42.5054838136832,42.5054838136832,16.4402054419241,1.11911908876357,0.552352364494574,1.248183696083,0.332750582750583,0.634305380169239,0.332750582750583,0.233530774526601,0.332750582750583,0.687954075979251,TRUE,"MPF","GN"
"MPF | GN",2007,2023,17,12,0.705882352941177,1.55432848619777e-06,0.341824577017487,1.70750778519657,1.59931797749166,-0.612745098039216,38.8187439421207,38.8187439421207,14.4223953880304,0.974050393609086,0.610379842556366,1.60995222742389,0.474025974025974,0.462098120373297,0.474025974025974,0.462098120373297,0.474025974025974,0.597511943144027,TRUE,"MPF","GN"
"MPF | GN",2008,2023,16,11,0.6875,2.07604859653319e-06,0.149531259888078,1.66074494639791,1.43226345943918,-0.602941176470588,34.8512320236852,34.8512320236852,11.6126011873654,1.31743047487771,0.473027810048917,1.85556532783786,0.238095238095238,1.85556532783786,0.238095238095238,0.0924196240746594,0.688311688311688,0.536108668040535,TRUE,"MPF","GN"
"MPF | GN",2009,2023,15,10,0.666666666666667,2.04573116401066e-06,0.187754533599239,1.60949507884046,1.43226345943918,-0.603571428571428,34.0147474298477,34.0147474298477,10.1077449595908,1.24407924090256,0.502368303638974,0.219722457733622,0.357142857142857,2.00815939292016,0.357142857142857,0,0.873015873015873,0.49796015176996,TRUE,"MPF","GN"
"MPF | GN",2010,2023,14,9,0.642857142857143,2.00922062146497e-06,0.234128891566793,1.55699946060227,1.43226345943918,-0.595604395604396,33.2212492613495,33.2212492613495,8.39117100262841,1.16741052395496,0.533035790418017,NA,NA,NA,NA,NA,NA,NA,TRUE,"MPF","GN"
"MPF | GN",2011,2023,13,8,0.615384615384615,2.1793936179088e-06,0.200393390194359,1.52811942369215,1.43226345943918,-0.598901098901099,32.3714324115327,32.3714324115327,6.74664228384587,1.35201838869058,0.459192644523769,NA,NA,NA,NA,NA,NA,NA,TRUE,"MPF","GN"
"MPF | GN",2012,2023,12,7,NA,NA,NA,NA,NA,NA,NA,NA,NA,NA,NA,NA,NA,NA,NA,NA,NA,NA,FALSE,"MPF","GN"
"MPF | GN",2013,2023,11,6,NA,NA,NA,NA,NA,NA,NA,NA,NA,NA,NA,NA,NA,NA,NA,NA,NA,NA,FALSE,"MPF","GN"
"MPF | GN",2014,2023,10,5,NA,NA,NA,NA,NA,NA,NA,NA,NA,NA,NA,NA,NA,NA,NA,NA,NA,NA,FALSE,"MPF","GN"
"MPF | GN",2015,2023,9,4,NA,NA,NA,NA,NA,NA,NA,NA,NA,NA,NA,NA,NA,NA,NA,NA,NA,NA,FALSE,"MPF","GN"
"MPF | GN",2016,2023,8,3,NA,NA,NA,NA,NA,NA,NA,NA,NA,NA,NA,NA,NA,NA,NA,NA,NA,NA,FALSE,"MPF","GN"
"MPF | OBT",2004,2023,20,15,0.75,1.30594096462507e-06,0.00856039308098709,0.635212953997362,1.80666879939488,0.876691729323308,44.9876921383993,44.9876921383993,28.2262005740463,1.71208613199492,0.31516554720203,3.91505767982961,0.00248640248640249,3.91505767982961,0.000310800310800311,2.40907766591363,0.087024087024087,0.000132000497545291,TRUE,"MPF","OBT"
"MPF | OBT",2005,2023,19,14,0.736842105263158,1.36011716857965e-06,0.0170285643180361,0.595478711212984,1.80666879939488,0.856140350877193,43.2569170571479,43.2569170571479,26.6314541982919,1.82305409651163,0.270778361395347,2.75546003227083,0.00815850815850816,2.75546003227083,0.000582750582750583,1.53172901634475,0.212121212121212,0.00362628195725283,TRUE,"MPF","OBT"
"MPF | OBT",2006,2023,18,13,0.722222222222222,1.10458709186035e-06,0.0724620228836021,0.532505595608251,1.76469350749098,0.830753353973168,40.3588980994293,40.3588980994293,15.2039930009581,1.11911908876357,0.552352364494574,2.75546003227083,0.00116550116550117,2.75546003227083,0.00116550116550117,0.233530774526601,0.332750582750583,0.00725256391450566,TRUE,"MPF","OBT"
"MPF | OBT",2007,2023,17,12,0.705882352941177,7.04823224862227e-07,0.258735329734684,0.53116260013585,1.59931797749166,0.799019607843137,36.5008194742495,36.5008194742495,22.3039442879207,0.974050393609086,0.610379842556366,3.49021452691989,0.00216450216450216,3.49021452691989,0.00216450216450216,0.462098120373297,0.474025974025974,0.00551715879956827,TRUE,"MPF","OBT"
"MPF | OBT",2008,2023,16,11,0.6875,3.93923175154663e-07,0.518990156166661,0.541239108856424,1.43226345943918,0.788235294117647,32.6318965537549,32.6318965537549,10.4486961948117,1.31743047487771,0.473027810048917,3.49021452691989,0.00432900432900433,3.49021452691989,0.00432900432900433,0.0924196240746594,0.688311688311688,0.0110343175991365,TRUE,"MPF","OBT"
"MPF | OBT",2009,2023,15,10,0.666666666666667,5.42075026223915e-07,0.42902003505075,0.552538238515525,1.43226345943918,0.767857142857143,31.922655057301,31.922655057301,9.22564731156,1.24407924090256,0.502368303638974,3.00000645337289,0.00793650793650794,3.00000645337289,0.00793650793650794,0,0.873015873015873,0.0396822835963137,TRUE,"MPF","OBT"
"MPF | OBT",2010,2023,14,9,0.642857142857143,9.60382890620094e-07,0.256963733694957,0.571267333866227,1.43226345943918,0.731868131868132,31.2839585760367,31.2839585760367,7.89299240581117,1.16741052395496,0.533035790418017,NA,NA,NA,NA,NA,NA,NA,TRUE,"MPF","OBT"
"MPF | OBT",2011,2023,13,8,0.615384615384615,1.28345605793179e-06,0.498176689920258,0.285095611377803,1.43226345943918,0.681318681318681,24.4744435401876,24.4744435401876,1.9128013115393,1.35201838869058,0.459192644523769,NA,NA,NA,NA,NA,NA,NA,TRUE,"MPF","OBT"
"MPF | OBT",2012,2023,12,7,NA,NA,NA,NA,NA,NA,NA,NA,NA,NA,NA,NA,NA,NA,NA,NA,NA,NA,FALSE,"MPF","OBT"
"MPF | OBT",2013,2023,11,6,NA,NA,NA,NA,NA,NA,NA,NA,NA,NA,NA,NA,NA,NA,NA,NA,NA,NA,FALSE,"MPF","OBT"
"MPF | OBT",2014,2023,10,5,NA,NA,NA,NA,NA,NA,NA,NA,NA,NA,NA,NA,NA,NA,NA,NA,NA,NA,FALSE,"MPF","OBT"
"MPF | OBT",2015,2023,9,4,NA,NA,NA,NA,NA,NA,NA,NA,NA,NA,NA,NA,NA,NA,NA,NA,NA,NA,FALSE,"MPF","OBT"
"MPF | OBT",2016,2023,8,3,NA,NA,NA,NA,NA,NA,NA,NA,NA,NA,NA,NA,NA,NA,NA,NA,NA,NA,FALSE,"MPF","OBT"
"MPF | PS",2004,2023,20,15,0.75,-3.81138489371811e-06,0.0379101922905362,1.01846918286169,1.80666879939488,0.675187969924812,79.6416306106158,79.6416306106158,25.830162095363,1.71208613199492,0.31516554720203,2.27885876059992,0.141414141414141,2.40907766591363,0.141414141414141,2.40907766591363,0.087024087024087,0.397730583521594,TRUE,"MPF","PS"
"MPF | PS",2005,2023,19,14,0.736842105263158,-3.83588628157494e-06,0.0371738941086378,1.01934551685288,1.80666879939488,0.7,79.0612096094906,79.0612096094906,23.9693474359405,1.82305409651163,0.270778361395347,1.23466593896192,0.212121212121212,1.5862645279863,0.212121212121212,1.53172901634475,0.212121212121212,0.603433868003424,TRUE,"MPF","PS"
"MPF | PS",2006,2023,18,13,0.722222222222222,-3.60398353255843e-06,0.029714343786376,1.01415673918048,1.76469350749098,0.717234262125903,78.9411805654121,48.5791880402536,13.6400736067064,1.11911908876357,0.552352364494574,1.248183696083,0.0909090909090909,1.48235975791333,0.0909090909090909,0.233530774526601,0.332750582750583,0.629410060521668,TRUE,"MPF","PS"
"MPF | PS",2007,2023,17,12,0.705882352941177,-3.19808913069311e-06,0.0254010016084086,1.00403909940814,1.59931797749166,0.718137254901961,76.0279804253551,76.0279804253551,19.4144473974329,0.974050393609086,0.610379842556366,1.60995222742389,0.142857142857143,1.60995222742389,0.142857142857143,0.462098120373297,0.474025974025974,0.597511943144027,TRUE,"MPF","PS"
"MPF | PS",2008,2023,16,11,0.6875,-2.90633546194593e-06,0.0225114388179428,0.994056691430452,1.43226345943918,0.720588235294118,72.4105111179778,72.4105111179778,15.2079254182646,1.31743047487771,0.473027810048917,1.85556532783786,0.0476190476190476,1.54780104833074,0.238095238095238,0.0924196240746594,0.688311688311688,0.510579683848128,TRUE,"MPF","PS"
"MPF | PS",2009,2023,15,10,0.666666666666667,-3.05655516240524e-06,0.0221122020718032,0.98163068932212,1.43226345943918,0.717857142857143,71.3848687108674,71.3848687108674,12.4492336347015,1.24407924090256,0.502368303638974,1.13521980188818,0.0793650793650794,0.80042451517385,0.357142857142857,0,0.873015873015873,0.716195049527954,TRUE,"MPF","PS"
"MPF | PS",2010,2023,14,9,0.642857142857143,-3.23116746446238e-06,0.0215830565202622,0.967489539375664,1.43226345943918,0.70989010989011,70.3214776852894,31.2539900823509,4.13623580921048,1.16741052395496,0.533035790418017,NA,NA,NA,NA,NA,NA,NA,TRUE,"MPF","PS"
"MPF | PS",2011,2023,13,8,0.615384615384615,-3.07054955012716e-06,0.0358642420026673,0.951672829829783,1.43226345943918,0.697802197802198,66.612163141178,66.612163141178,6.15083452963581,1.35201838869058,0.459192644523769,NA,NA,NA,NA,NA,NA,NA,TRUE,"MPF","PS"
"MPF | PS",2012,2023,12,7,NA,NA,NA,NA,NA,NA,NA,NA,NA,NA,NA,NA,NA,NA,NA,NA,NA,NA,FALSE,"MPF","PS"
"MPF | PS",2013,2023,11,6,NA,NA,NA,NA,NA,NA,NA,NA,NA,NA,NA,NA,NA,NA,NA,NA,NA,NA,FALSE,"MPF","PS"
"MPF | PS",2014,2023,10,5,NA,NA,NA,NA,NA,NA,NA,NA,NA,NA,NA,NA,NA,NA,NA,NA,NA,NA,FALSE,"MPF","PS"
"MPF | PS",2015,2023,9,4,NA,NA,NA,NA,NA,NA,NA,NA,NA,NA,NA,NA,NA,NA,NA,NA,NA,NA,FALSE,"MPF","PS"
"MPF | PS",2016,2023,8,3,NA,NA,NA,NA,NA,NA,NA,NA,NA,NA,NA,NA,NA,NA,NA,NA,NA,NA,FALSE,"MPF","PS"
"MPF | PT",2004,2023,20,15,0.75,5.34882697854052e-06,0.0060562320052474,0.790181125654486,1.80666879939488,0.210526315789474,44.7562285038727,44.7562285038727,19.595212406187,1.71208613199492,0.31516554720203,3.91505767982961,0.00248640248640249,1.56578072011902,0.0326340326340326,2.40907766591363,0.087024087024087,0.00105600398036233,TRUE,"MPF","PT"
"MPF | PT",2005,2023,19,14,0.736842105263158,5.58734868542477e-06,0.0121838945864977,0.728274403503023,1.80666879939488,0.0789473684210526,42.026865990668,42.026865990668,17.4259480153293,1.82305409651163,0.270778361395347,2.75546003227083,0.00815850815850816,1.2815950913865,0.053030303030303,1.53172901634475,0.212121212121212,0.0507679474015396,TRUE,"MPF","PT"
"MPF | PT",2006,2023,18,13,0.722222222222222,4.63637355202718e-06,0.0481243251000226,0.684890751779517,1.76469350749098,-0.0835913312693498,38.834877796642,38.834877796642,15.2125247893155,1.11911908876357,0.552352364494574,2.75546003227083,0.0151515151515152,1.248183696083,0.277389277389277,0.233530774526601,0.332750582750583,0.0942833308885736,TRUE,"MPF","PT"
"MPF | PT",2007,2023,17,12,0.705882352941177,3.68754428495021e-06,0.084736734823082,0.695422152696302,1.59931797749166,-0.102941176470588,35.2762066038899,35.2762066038899,13.0821010209731,0.974050393609086,0.610379842556366,1.95257306326764,0.025974025974026,1.60995222742389,0.474025974025974,0.462098120373297,0.474025974025974,0.265899602173033,TRUE,"MPF","PT"
"MPF | PT",2008,2023,16,11,0.6875,3.10669752170069e-06,0.11452033505934,0.703666803902837,1.43226345943918,-0.114705882352941,31.3657445723302,31.3657445723302,18.8684506181516,1.31743047487771,0.473027810048917,3.49021452691989,0.00432900432900433,1.54780104833074,0.590909090909091,0.0924196240746594,0.688311688311688,0.0110343175991365,TRUE,"MPF","PT"
"MPF | PT",2009,2023,15,10,0.666666666666667,3.39657930422166e-06,0.104877360676154,0.713688458794149,1.43226345943918,-0.125,30.6813737485878,30.6813737485878,18.2599773379544,1.24407924090256,0.502368303638974,3.00000645337289,0.00793650793650794,0.80042451517385,0.873015873015873,0,0.873015873015873,0.0396822835963137,TRUE,"MPF","PT"
"MPF | PT",2010,2023,14,9,0.642857142857143,4.22283371259677e-06,0.0660683330424654,0.733766357818321,1.43226345943918,-0.173626373626374,30.0064665276061,30.0064665276061,17.3051354013795,1.16741052395496,0.533035790418017,NA,NA,NA,NA,NA,NA,NA,TRUE,"MPF","PT"
"MPF | PT",2011,2023,13,8,0.615384615384615,3.91781923980081e-06,0.108059599101448,0.747358589691203,1.43226345943918,-0.181318681318681,29.4065162932688,29.4065162932688,6.21316684603955,1.35201838869058,0.459192644523769,NA,NA,NA,NA,NA,NA,NA,TRUE,"MPF","PT"
"MPF | PT",2012,2023,12,7,NA,NA,NA,NA,NA,NA,NA,NA,NA,NA,NA,NA,NA,NA,NA,NA,NA,NA,FALSE,"MPF","PT"
"MPF | PT",2013,2023,11,6,NA,NA,NA,NA,NA,NA,NA,NA,NA,NA,NA,NA,NA,NA,NA,NA,NA,NA,FALSE,"MPF","PT"
"MPF | PT",2014,2023,10,5,NA,NA,NA,NA,NA,NA,NA,NA,NA,NA,NA,NA,NA,NA,NA,NA,NA,NA,FALSE,"MPF","PT"
"MPF | PT",2015,2023,9,4,NA,NA,NA,NA,NA,NA,NA,NA,NA,NA,NA,NA,NA,NA,NA,NA,NA,NA,FALSE,"MPF","PT"
"MPF | PT",2016,2023,8,3,NA,NA,NA,NA,NA,NA,NA,NA,NA,NA,NA,NA,NA,NA,NA,NA,NA,NA,FALSE,"MPF","PT"
"NTU | AFN",2016,2023,8,3,NA,NA,NA,NA,NA,NA,NA,NA,NA,NA,NA,NA,NA,NA,NA,NA,NA,NA,FALSE,"NTU","AFN"
"NTU | APS",2005,2023,19,11,0.6875,2.20940872348054e-05,0.00280219602232921,1.09442394860435,3.47631501236752,-0.00294117647058824,47.4852941176471,25.9010695187166,4.58699121619045,1.84929772209632,0.260280911161472,0.292963276978162,0.590909090909091,3.49021452691989,0.00432900432900433,1.85556532783786,0.0476190476190476,0.0110343175991365,TRUE,"NTU","APS"
"NTU | APS",2006,2023,18,10,0.666666666666667,2.28511962326163e-05,0.00639734923273746,1.07512584514517,3.47631501236752,-0.142857142857143,45.952380952381,22.9761904761905,6.66229461636552,1.77126240555056,0.291495037779777,0.80042451517385,0.873015873015873,3.00000645337289,0.00793650793650794,1.13521980188818,0.0793650793650794,0.0396822835963137,TRUE,"NTU","APS"
"NTU | APS",2007,2023,17,9,0.642857142857143,2.29005990217794e-05,0.0167535718320044,0.95197628458498,3.47631501236752,-0.323076923076923,43.2574744096483,19.2255441820659,4.85063531387203,1.70028794839118,0.319884820643527,NA,NA,NA,NA,NA,NA,NA,TRUE,"NTU","APS"
"NTU | APS",2008,2023,16,8,0.615384615384615,2.09277891684314e-05,0.0390691919450578,0.990477169624613,3.30283714889204,-0.32967032967033,43.1611917441406,16.1854469040527,8.99537337552161,1.64101316214527,0.343594735141892,NA,NA,NA,NA,NA,NA,NA,TRUE,"NTU","APS"
"NTU | APS",2009,2023,15,7,NA,NA,NA,NA,NA,NA,NA,NA,NA,NA,NA,NA,NA,NA,NA,NA,NA,NA,FALSE,"NTU","APS"
"NTU | APS",2010,2023,14,6,NA,NA,NA,NA,NA,NA,NA,NA,NA,NA,NA,NA,NA,NA,NA,NA,NA,NA,FALSE,"NTU","APS"
"NTU | APS",2011,2023,13,5,NA,NA,NA,NA,NA,NA,NA,NA,NA,NA,NA,NA,NA,NA,NA,NA,NA,NA,FALSE,"NTU","APS"
"NTU | APS",2012,2023,12,4,NA,NA,NA,NA,NA,NA,NA,NA,NA,NA,NA,NA,NA,NA,NA,NA,NA,NA,FALSE,"NTU","APS"
"NTU | APS",2016,2023,8,3,NA,NA,NA,NA,NA,NA,NA,NA,NA,NA,NA,NA,NA,NA,NA,NA,NA,NA,FALSE,"NTU","APS"
"NTU | GN",2004,2023,20,15,0.75,-1.32023604896282e-05,0.000314115369892712,1.74171345820942,3.90568808551199,-0.377443609022556,83.8911450984893,55.9274300656596,9.8047573029368,2.06752929089978,0.172988283640086,0.22093602228216,0.798601398601399,1.21090322101322,0.421756021756022,2.27885876059992,0.421756021756022,0.43028530985002,TRUE,"NTU","GN"
"NTU | GN",2005,2023,19,14,0.736842105263158,-1.35650233633339e-05,0.000293696710494321,1.76920371189488,3.90568808551199,-0.505263157894737,82.4222872861898,52.9857561125506,7.44420560746947,1.99546107927287,0.201815568290852,0,0.962703962703963,0.156944612666873,0.575174825174825,1.23466593896192,0.575174825174825,0.69133351525952,TRUE,"NTU","GN"
"NTU | GN",2006,2023,18,13,0.722222222222222,-1.34122211948234e-05,0.000518432473847124,1.74777599146854,3.90568808551199,-0.525283797729618,81.4495219950953,50.1227827662125,5.30403320107829,1.91876502357079,0.232493990571683,1.48235975791333,0.622377622377622,0.634305380169239,0.332750582750583,1.248183696083,0.332750582750583,0.629410060521668,TRUE,"NTU","GN"
"NTU | GN",2007,2023,17,12,0.705882352941177,-1.31795802169114e-05,0.00106178106243924,1.70750778519657,3.90568808551199,-0.53921568627451,80.4514432160339,80.4514432160339,5.66568660243153,1.84003653404593,0.263985386381628,0.183102048111352,0.930735930735931,0.462098120373297,0.474025974025974,1.60995222742389,0.474025974025974,0.597511943144027,TRUE,"NTU","GN"
"NTU | GN",2008,2023,16,11,0.6875,-1.27863685798044e-05,0.00211921333369997,1.66074494639791,3.90568808551199,-0.555882352941176,79.3497259018966,79.3497259018966,16.5949182048579,1.76313382112571,0.294746471549715,0.0924196240746594,0.688311688311688,1.85556532783786,0.238095238095238,1.85556532783786,0.238095238095238,0.536108668040535,TRUE,"NTU","GN"
"NTU | GN",2009,2023,15,10,0.666666666666667,-1.25543362346584e-05,0.00447241777659561,1.60949507884046,3.90568808551199,-0.546428571428571,78.1518506986196,78.1518506986196,13.4180629057332,1.68057881778548,0.327768472885808,0.80042451517385,0.873015873015873,2.00815939292016,0.357142857142857,1.13521980188818,0.357142857142857,0.49796015176996,TRUE,"NTU","GN"
"NTU | GN",2010,2023,14,9,0.642857142857143,-1.24228406443724e-05,0.00911164249666571,1.55699946060227,3.90568808551199,-0.525274725274725,76.6124222700432,76.6124222700432,10.4723352053527,1.60746451448154,0.357014194207383,NA,NA,NA,NA,NA,NA,NA,TRUE,"NTU","GN"
"NTU | GN",2011,2023,13,8,0.615384615384615,-1.2508452838182e-05,0.0158841576684611,1.52811942369215,3.90568808551199,-0.549450549450549,74.4730196607666,74.4730196607666,6.98979975497731,1.59334129221078,0.362663483115688,NA,NA,NA,NA,NA,NA,NA,TRUE,"NTU","GN"
"NTU | GN",2012,2023,12,7,NA,NA,NA,NA,NA,NA,NA,NA,NA,NA,NA,NA,NA,NA,NA,NA,NA,NA,FALSE,"NTU","GN"
"NTU | GN",2013,2023,11,6,NA,NA,NA,NA,NA,NA,NA,NA,NA,NA,NA,NA,NA,NA,NA,NA,NA,NA,FALSE,"NTU","GN"
"NTU | GN",2014,2023,10,5,NA,NA,NA,NA,NA,NA,NA,NA,NA,NA,NA,NA,NA,NA,NA,NA,NA,NA,FALSE,"NTU","GN"
"NTU | GN",2015,2023,9,4,NA,NA,NA,NA,NA,NA,NA,NA,NA,NA,NA,NA,NA,NA,NA,NA,NA,NA,FALSE,"NTU","GN"
"NTU | GN",2016,2023,8,3,NA,NA,NA,NA,NA,NA,NA,NA,NA,NA,NA,NA,NA,NA,NA,NA,NA,NA,FALSE,"NTU","GN"
"NTU | OBT",1989,2000,12,3,NA,NA,NA,NA,NA,NA,NA,NA,NA,NA,NA,NA,NA,NA,NA,NA,NA,NA,FALSE,"NTU","OBT"
"NTU | OBT",1993,2000,8,2,NA,NA,NA,NA,NA,NA,NA,NA,NA,NA,NA,NA,NA,NA,NA,NA,NA,NA,FALSE,"NTU","OBT"
"NTU | PS",2004,2023,20,15,0.75,6.15002902902469e-07,0.89237509545369,1.01846918286169,3.90568808551199,-0.354887218045113,49.0588972431078,32.7059314954052,4.47509441305935,2.06752929089978,0.172988283640086,3.91505767982961,0.000310800310800311,2.40907766591363,0.141414141414141,2.27885876059992,0.421756021756022,0.000132000497545291,TRUE,"NTU","PS"
"NTU | PS",2005,2023,19,14,0.736842105263158,5.93223069488937e-07,0.899890205429401,1.01934551685288,3.90568808551199,-0.333333333333333,48.3333333333333,31.0714285714286,3.47225717354611,1.99546107927287,0.201815568290852,3.91580029577389,0.000582750582750583,1.5862645279863,0.212121212121212,1.23466593896192,0.575174825174825,0.000245337133525973,TRUE,"NTU","PS"
"NTU | PS",2006,2023,18,13,0.722222222222222,8.14938697141746e-07,0.867018437888943,1.01415673918048,3.90568808551199,-0.34984520123839,47.4174406604747,47.4174406604747,10.8115505726842,1.91876502357079,0.232493990571683,3.91580029577389,0.00116550116550117,1.48235975791333,0.0909090909090909,1.248183696083,0.332750582750583,0.000490674267051945,TRUE,"NTU","PS"
"NTU | PS",2007,2023,17,12,0.705882352941177,1.31634865925759e-06,0.793843495286052,1.00403909940814,3.90568808551199,-0.379901960784314,46.4338235294118,46.4338235294118,9.40123697916667,1.84003653404593,0.263985386381628,3.49021452691989,0.00216450216450216,1.60995222742389,0.142857142857143,1.60995222742389,0.474025974025974,0.00551715879956827,TRUE,"NTU","PS"
"NTU | PS",2008,2023,16,11,0.6875,1.91370523103562e-06,0.709881377686514,0.994056691430452,3.90568808551199,-0.394117647058824,45.4105455933149,45.4105455933149,7.93113005241094,1.76313382112571,0.294746471549715,3.49021452691989,0.00432900432900433,1.54780104833074,0.238095238095238,1.85556532783786,0.238095238095238,0.0110343175991365,TRUE,"NTU","PS"
"NTU | PS",2009,2023,15,10,0.666666666666667,2.49524377196918e-06,0.642585315091011,0.98163068932212,3.90568808551199,-0.407142857142857,44.2635661673948,44.2635661673948,6.39608531118854,1.68057881778548,0.327768472885808,3.00000645337289,0.00793650793650794,0.80042451517385,0.357142857142857,1.13521980188818,0.357142857142857,0.0396822835963137,TRUE,"NTU","PS"
"NTU | PS",2010,2023,14,9,0.642857142857143,3.04554789614522e-06,0.59435374301235,0.967489539375664,3.90568808551199,-0.41978021978022,43.0842230219455,43.0842230219455,4.83120793604109,1.60746451448154,0.357014194207383,NA,NA,NA,NA,NA,NA,NA,TRUE,"NTU","PS"
"NTU | PS",2011,2023,13,8,0.615384615384615,3.19341979781899e-06,0.612196050846119,0.951672829829783,3.90568808551199,-0.428571428571429,41.8905994537385,41.8905994537385,3.27396181427806,1.59334129221078,0.362663483115688,NA,NA,NA,NA,NA,NA,NA,TRUE,"NTU","PS"
"NTU | PS",2012,2023,12,7,NA,NA,NA,NA,NA,NA,NA,NA,NA,NA,NA,NA,NA,NA,NA,NA,NA,NA,FALSE,"NTU","PS"
"NTU | PS",2013,2023,11,6,NA,NA,NA,NA,NA,NA,NA,NA,NA,NA,NA,NA,NA,NA,NA,NA,NA,NA,FALSE,"NTU","PS"
"NTU | PS",2014,2023,10,5,NA,NA,NA,NA,NA,NA,NA,NA,NA,NA,NA,NA,NA,NA,NA,NA,NA,NA,FALSE,"NTU","PS"
"NTU | PS",2015,2023,9,4,NA,NA,NA,NA,NA,NA,NA,NA,NA,NA,NA,NA,NA,NA,NA,NA,NA,NA,FALSE,"NTU","PS"
"NTU | PS",2016,2023,8,3,NA,NA,NA,NA,NA,NA,NA,NA,NA,NA,NA,NA,NA,NA,NA,NA,NA,NA,FALSE,"NTU","PS"
"NTU | PT",2004,2023,20,6,NA,NA,NA,NA,NA,NA,NA,NA,NA,NA,NA,NA,NA,NA,NA,NA,NA,NA,FALSE,"NTU","PT"
"NTU | PT",2005,2023,19,5,NA,NA,NA,NA,NA,NA,NA,NA,NA,NA,NA,NA,NA,NA,NA,NA,NA,NA,FALSE,"NTU","PT"
"NTU | PT",2006,2023,18,4,NA,NA,NA,NA,NA,NA,NA,NA,NA,NA,NA,NA,NA,NA,NA,NA,NA,NA,FALSE,"NTU","PT"
"NTU | PT",2007,2023,17,3,NA,NA,NA,NA,NA,NA,NA,NA,NA,NA,NA,NA,NA,NA,NA,NA,NA,NA,FALSE,"NTU","PT"
"NTU | PT",2010,2023,14,2,NA,NA,NA,NA,NA,NA,NA,NA,NA,NA,NA,NA,NA,NA,NA,NA,NA,NA,FALSE,"NTU","PT"
"NTU | PT",2011,2023,13,1,NA,NA,NA,NA,NA,NA,NA,NA,NA,NA,NA,NA,NA,NA,NA,NA,NA,NA,FALSE,"NTU","PT"
"SAR | AFN",2007,2023,17,0,NA,NA,NA,NA,NA,NA,NA,NA,NA,NA,NA,NA,NA,NA,NA,NA,NA,NA,FALSE,"SAR","AFN"
"SAR | AFN",2008,2023,16,0,NA,NA,NA,NA,NA,NA,NA,NA,NA,NA,NA,NA,NA,NA,NA,NA,NA,NA,FALSE,"SAR","AFN"
"SAR | AFN",2014,2023,10,0,NA,NA,NA,NA,NA,NA,NA,NA,NA,NA,NA,NA,NA,NA,NA,NA,NA,NA,FALSE,"SAR","AFN"
"SAR | AFN",2016,2023,8,0,NA,NA,NA,NA,NA,NA,NA,NA,NA,NA,NA,NA,NA,NA,NA,NA,NA,NA,FALSE,"SAR","AFN"
"SAR | APS",2004,2023,20,9,0.45,4.74773715713912e-05,0.218562430717693,0.547841946058678,9.71820970454448,0.0105263157894737,36.8428038334543,36.8428038334543,3.71037076658889,1.91112494847838,0.235550020608647,NA,NA,NA,NA,NA,NA,NA,TRUE,"SAR","APS"
"SAR | APS",2005,2023,19,8,0.421052631578947,4.9533364527257e-05,0.231194842119886,0.550630479250156,9.71820970454448,0.121052631578947,36.6178727428979,36.6178727428979,2.61837968264141,1.93890085839497,0.224439656642013,NA,NA,NA,NA,NA,NA,NA,TRUE,"SAR","APS"
"SAR | APS",2006,2023,18,7,NA,NA,NA,NA,NA,NA,NA,NA,NA,NA,NA,NA,NA,NA,NA,NA,NA,NA,FALSE,"SAR","APS"
"SAR | APS",2007,2023,17,6,NA,NA,NA,NA,NA,NA,NA,NA,NA,NA,NA,NA,NA,NA,NA,NA,NA,NA,FALSE,"SAR","APS"
"SAR | APS",2008,2023,16,5,NA,NA,NA,NA,NA,NA,NA,NA,NA,NA,NA,NA,NA,NA,NA,NA,NA,NA,FALSE,"SAR","APS"
"SAR | APS",2009,2023,15,4,NA,NA,NA,NA,NA,NA,NA,NA,NA,NA,NA,NA,NA,NA,NA,NA,NA,NA,FALSE,"SAR","APS"
"SAR | APS",2010,2023,14,3,NA,NA,NA,NA,NA,NA,NA,NA,NA,NA,NA,NA,NA,NA,NA,NA,NA,NA,FALSE,"SAR","APS"
"SAR | APS",2011,2023,13,2,NA,NA,NA,NA,NA,NA,NA,NA,NA,NA,NA,NA,NA,NA,NA,NA,NA,NA,FALSE,"SAR","APS"
"SAR | APS",2012,2023,12,1,NA,NA,NA,NA,NA,NA,NA,NA,NA,NA,NA,NA,NA,NA,NA,NA,NA,NA,FALSE,"SAR","APS"
"SAR | APS",2013,2023,11,0,NA,NA,NA,NA,NA,NA,NA,NA,NA,NA,NA,NA,NA,NA,NA,NA,NA,NA,FALSE,"SAR","APS"
"SAR | APS",2014,2023,10,0,NA,NA,NA,NA,NA,NA,NA,NA,NA,NA,NA,NA,NA,NA,NA,NA,NA,NA,FALSE,"SAR","APS"
"SAR | APS",2015,2023,9,0,NA,NA,NA,NA,NA,NA,NA,NA,NA,NA,NA,NA,NA,NA,NA,NA,NA,NA,FALSE,"SAR","APS"
"SAR | APS",2016,2023,8,0,NA,NA,NA,NA,NA,NA,NA,NA,NA,NA,NA,NA,NA,NA,NA,NA,NA,NA,FALSE,"SAR","APS"
"SAR | GN",2004,2023,20,9,0.45,1.93742860584491e-05,0.583529695861541,0.838920836901994,9.71820970454448,-0.189473684210526,41.6643816503206,41.6643816503206,0,1.91112494847838,0.235550020608647,NA,NA,NA,NA,NA,NA,NA,TRUE,"SAR","GN"
"SAR | GN",2005,2023,19,8,0.421052631578947,9.952526813861e-05,0.105512645777618,0.537034370621144,9.71820970454448,-0.136842105263158,35.0564768861071,35.0564768861071,0,1.93890085839497,0.224439656642013,NA,NA,NA,NA,NA,NA,NA,TRUE,"SAR","GN"
"SAR | GN",2006,2023,18,7,NA,NA,NA,NA,NA,NA,NA,NA,NA,NA,NA,NA,NA,NA,NA,NA,NA,NA,FALSE,"SAR","GN"
"SAR | GN",2007,2023,17,6,NA,NA,NA,NA,NA,NA,NA,NA,NA,NA,NA,NA,NA,NA,NA,NA,NA,NA,FALSE,"SAR","GN"
"SAR | GN",2008,2023,16,5,NA,NA,NA,NA,NA,NA,NA,NA,NA,NA,NA,NA,NA,NA,NA,NA,NA,NA,FALSE,"SAR","GN"
"SAR | GN",2009,2023,15,4,NA,NA,NA,NA,NA,NA,NA,NA,NA,NA,NA,NA,NA,NA,NA,NA,NA,NA,FALSE,"SAR","GN"
"SAR | GN",2010,2023,14,3,NA,NA,NA,NA,NA,NA,NA,NA,NA,NA,NA,NA,NA,NA,NA,NA,NA,NA,FALSE,"SAR","GN"
"SAR | GN",2011,2023,13,2,NA,NA,NA,NA,NA,NA,NA,NA,NA,NA,NA,NA,NA,NA,NA,NA,NA,NA,FALSE,"SAR","GN"
"SAR | GN",2012,2023,12,1,NA,NA,NA,NA,NA,NA,NA,NA,NA,NA,NA,NA,NA,NA,NA,NA,NA,NA,FALSE,"SAR","GN"
"SAR | GN",2013,2023,11,0,NA,NA,NA,NA,NA,NA,NA,NA,NA,NA,NA,NA,NA,NA,NA,NA,NA,NA,FALSE,"SAR","GN"
"SAR | GN",2014,2023,10,0,NA,NA,NA,NA,NA,NA,NA,NA,NA,NA,NA,NA,NA,NA,NA,NA,NA,NA,FALSE,"SAR","GN"
"SAR | GN",2015,2023,9,0,NA,NA,NA,NA,NA,NA,NA,NA,NA,NA,NA,NA,NA,NA,NA,NA,NA,NA,FALSE,"SAR","GN"
"SAR | GN",2016,2023,8,0,NA,NA,NA,NA,NA,NA,NA,NA,NA,NA,NA,NA,NA,NA,NA,NA,NA,NA,FALSE,"SAR","GN"
"SAR | OBT",2004,2023,20,6,NA,NA,NA,NA,NA,NA,NA,NA,NA,NA,NA,NA,NA,NA,NA,NA,NA,NA,FALSE,"SAR","OBT"
"SAR | OBT",2005,2023,19,5,NA,NA,NA,NA,NA,NA,NA,NA,NA,NA,NA,NA,NA,NA,NA,NA,NA,NA,FALSE,"SAR","OBT"
"SAR | OBT",2006,2023,18,4,NA,NA,NA,NA,NA,NA,NA,NA,NA,NA,NA,NA,NA,NA,NA,NA,NA,NA,FALSE,"SAR","OBT"
"SAR | OBT",2010,2023,14,3,NA,NA,NA,NA,NA,NA,NA,NA,NA,NA,NA,NA,NA,NA,NA,NA,NA,NA,FALSE,"SAR","OBT"
"SAR | OBT",2011,2023,13,2,NA,NA,NA,NA,NA,NA,NA,NA,NA,NA,NA,NA,NA,NA,NA,NA,NA,NA,FALSE,"SAR","OBT"
"SAR | OBT",2012,2023,12,1,NA,NA,NA,NA,NA,NA,NA,NA,NA,NA,NA,NA,NA,NA,NA,NA,NA,NA,FALSE,"SAR","OBT"
"SAR | OBT",2013,2023,11,0,NA,NA,NA,NA,NA,NA,NA,NA,NA,NA,NA,NA,NA,NA,NA,NA,NA,NA,FALSE,"SAR","OBT"
"SAR | OBT",2014,2023,10,0,NA,NA,NA,NA,NA,NA,NA,NA,NA,NA,NA,NA,NA,NA,NA,NA,NA,NA,FALSE,"SAR","OBT"
"SAR | OBT",2015,2023,9,0,NA,NA,NA,NA,NA,NA,NA,NA,NA,NA,NA,NA,NA,NA,NA,NA,NA,NA,FALSE,"SAR","OBT"
"SAR | OBT",2016,2023,8,0,NA,NA,NA,NA,NA,NA,NA,NA,NA,NA,NA,NA,NA,NA,NA,NA,NA,NA,FALSE,"SAR","OBT"
"SAR | PS",2004,2023,20,9,0.45,-0.000123014881397324,0.055984099123878,0.139143928472306,9.71820970454448,0.536842105263158,56.5032050824166,56.5032050824166,6.73574573783441,1.91112494847838,0.235550020608647,NA,NA,NA,NA,NA,NA,NA,TRUE,"SAR","PS"
"SAR | PS",2005,2023,19,8,0.421052631578947,-0.000229286261471179,0.0122927053584153,0.094636731949102,9.71820970454448,0.526315789473684,62.3730901486278,62.3730901486278,5.28224206128439,1.93890085839497,0.224439656642013,NA,NA,NA,NA,NA,NA,NA,TRUE,"SAR","PS"
"SAR | PS",2006,2023,18,7,NA,NA,NA,NA,NA,NA,NA,NA,NA,NA,NA,NA,NA,NA,NA,NA,NA,NA,FALSE,"SAR","PS"
"SAR | PS",2007,2023,17,6,NA,NA,NA,NA,NA,NA,NA,NA,NA,NA,NA,NA,NA,NA,NA,NA,NA,NA,FALSE,"SAR","PS"
"SAR | PS",2008,2023,16,5,NA,NA,NA,NA,NA,NA,NA,NA,NA,NA,NA,NA,NA,NA,NA,NA,NA,NA,FALSE,"SAR","PS"
"SAR | PS",2009,2023,15,4,NA,NA,NA,NA,NA,NA,NA,NA,NA,NA,NA,NA,NA,NA,NA,NA,NA,NA,FALSE,"SAR","PS"
"SAR | PS",2010,2023,14,3,NA,NA,NA,NA,NA,NA,NA,NA,NA,NA,NA,NA,NA,NA,NA,NA,NA,NA,FALSE,"SAR","PS"
"SAR | PS",2011,2023,13,2,NA,NA,NA,NA,NA,NA,NA,NA,NA,NA,NA,NA,NA,NA,NA,NA,NA,NA,FALSE,"SAR","PS"
"SAR | PS",2012,2023,12,1,NA,NA,NA,NA,NA,NA,NA,NA,NA,NA,NA,NA,NA,NA,NA,NA,NA,NA,FALSE,"SAR","PS"
"SAR | PS",2013,2023,11,0,NA,NA,NA,NA,NA,NA,NA,NA,NA,NA,NA,NA,NA,NA,NA,NA,NA,NA,FALSE,"SAR","PS"
"SAR | PS",2014,2023,10,0,NA,NA,NA,NA,NA,NA,NA,NA,NA,NA,NA,NA,NA,NA,NA,NA,NA,NA,FALSE,"SAR","PS"
"SAR | PS",2015,2023,9,0,NA,NA,NA,NA,NA,NA,NA,NA,NA,NA,NA,NA,NA,NA,NA,NA,NA,NA,FALSE,"SAR","PS"
"SAR | PS",2016,2023,8,0,NA,NA,NA,NA,NA,NA,NA,NA,NA,NA,NA,NA,NA,NA,NA,NA,NA,NA,FALSE,"SAR","PS"
"SAR | PT",2004,2023,20,9,0.473684210526316,1.78149363279333e-05,0.254487785589358,0.638682038045109,9.71820970454448,0.347368421052632,40.3438161994987,40.3438161994987,0,1.91112494847838,0.235550020608647,NA,NA,NA,NA,NA,NA,NA,TRUE,"SAR","PT"
"SAR | PT",2005,2023,19,8,0.444444444444444,3.15848743300088e-05,0.0960377741253679,0.583428673249319,9.71820970454448,0.378740970072239,38.5622783153476,38.5622783153476,2.7952588248408,1.93890085839497,0.224439656642013,NA,NA,NA,NA,NA,NA,NA,TRUE,"SAR","PT"
"SAR | PT",2006,2023,18,7,NA,NA,NA,NA,NA,NA,NA,NA,NA,NA,NA,NA,NA,NA,NA,NA,NA,NA,FALSE,"SAR","PT"
"SAR | PT",2007,2023,17,6,NA,NA,NA,NA,NA,NA,NA,NA,NA,NA,NA,NA,NA,NA,NA,NA,NA,NA,FALSE,"SAR","PT"
"SAR | PT",2008,2023,16,5,NA,NA,NA,NA,NA,NA,NA,NA,NA,NA,NA,NA,NA,NA,NA,NA,NA,NA,FALSE,"SAR","PT"
"SAR | PT",2009,2023,15,4,NA,NA,NA,NA,NA,NA,NA,NA,NA,NA,NA,NA,NA,NA,NA,NA,NA,NA,FALSE,"SAR","PT"
"SAR | PT",2010,2023,14,3,NA,NA,NA,NA,NA,NA,NA,NA,NA,NA,NA,NA,NA,NA,NA,NA,NA,NA,FALSE,"SAR","PT"
"SAR | PT",2011,2023,13,2,NA,NA,NA,NA,NA,NA,NA,NA,NA,NA,NA,NA,NA,NA,NA,NA,NA,NA,FALSE,"SAR","PT"
"SAR | PT",2012,2023,12,1,NA,NA,NA,NA,NA,NA,NA,NA,NA,NA,NA,NA,NA,NA,NA,NA,NA,NA,FALSE,"SAR","PT"
"SAR | PT",2014,2023,10,0,NA,NA,NA,NA,NA,NA,NA,NA,NA,NA,NA,NA,NA,NA,NA,NA,NA,NA,FALSE,"SAR","PT"
"SAR | PT",2015,2023,9,0,NA,NA,NA,NA,NA,NA,NA,NA,NA,NA,NA,NA,NA,NA,NA,NA,NA,NA,FALSE,"SAR","PT"
"SAR | PT",2016,2023,8,0,NA,NA,NA,NA,NA,NA,NA,NA,NA,NA,NA,NA,NA,NA,NA,NA,NA,NA,FALSE,"SAR","PT"
"SCP | AFN",2016,2023,8,3,NA,NA,NA,NA,NA,NA,NA,NA,NA,NA,NA,NA,NA,NA,NA,NA,NA,NA,FALSE,"SCP","AFN"
"SCP | APS",2004,2023,20,12,0.705882352941177,-5.0005235713518e-06,0.189202203120154,1.12570143520351,1.91746636594273,-0.670754264639307,45.6532019001529,45.6532019001529,11.2754363479762,1.66532918847582,0.333868324609671,2.62613283234408,0.474025974025974,3.49021452691989,0.00216450216450216,1.5140582032733,0.930735930735931,0.00551715879956827,TRUE,"SCP","APS"
"SCP | APS",2005,2023,19,11,0.6875,-6.30165913574148e-06,0.0922079975373578,1.15388700016189,1.91746636594273,-0.763797116272575,61.3286402856426,61.3286402856426,2.20340508289345,1.84648279516542,0.261406881933832,2.69418870472239,0.0476190476190476,3.49021452691989,0.00432900432900433,1.54780104833074,0.238095238095238,0.0110343175991365,TRUE,"SCP","APS"
"SCP | APS",2006,2023,18,10,0.666666666666667,-8.91357457948932e-06,0.0278813314037465,1.14282212149411,1.91746636594273,-0.721428571428571,71.9643162499113,71.9643162499113,25.1456978773593,1.88501305463296,0.245994778146814,2.00815939292016,0.0793650793650794,3.00000645337289,0.00793650793650794,0.80042451517385,0.357142857142857,0.0396822835963137,TRUE,"SCP","APS"
"SCP | APS",2007,2023,17,9,0.642857142857143,-9.59929024186774e-06,0.0469383856712689,1.01228073796473,1.91746636594273,-0.661538461538462,68.0954489692121,68.0954489692121,20.5409094839761,1.78797297274869,0.284810810900524,NA,NA,NA,NA,NA,NA,NA,TRUE,"SCP","APS"
"SCP | APS",2009,2023,15,8,0.615384615384615,-1.02492729910408e-05,0.0696491944525293,1.04588560582492,1.91746636594273,-0.576923076923077,63.7108010222351,63.7108010222351,15.8026551063287,1.68804883525599,0.324780465897605,NA,NA,NA,NA,NA,NA,NA,TRUE,"SCP","APS"
"SCP | APS",2010,2023,14,7,NA,NA,NA,NA,NA,NA,NA,NA,NA,NA,NA,NA,NA,NA,NA,NA,NA,NA,FALSE,"SCP","APS"
"SCP | APS",2011,2023,13,6,NA,NA,NA,NA,NA,NA,NA,NA,NA,NA,NA,NA,NA,NA,NA,NA,NA,NA,FALSE,"SCP","APS"
"SCP | APS",2012,2023,12,5,NA,NA,NA,NA,NA,NA,NA,NA,NA,NA,NA,NA,NA,NA,NA,NA,NA,NA,FALSE,"SCP","APS"
"SCP | APS",2015,2023,9,4,NA,NA,NA,NA,NA,NA,NA,NA,NA,NA,NA,NA,NA,NA,NA,NA,NA,NA,FALSE,"SCP","APS"
"SCP | APS",2016,2023,8,3,NA,NA,NA,NA,NA,NA,NA,NA,NA,NA,NA,NA,NA,NA,NA,NA,NA,NA,FALSE,"SCP","APS"
"SCP | GN",2005,2023,19,14,0.736842105263158,2.88744427061396e-06,0.12164946814993,1.76920371189488,1.91746636594273,0.514035087719298,51.3542008746396,51.3542008746396,6.28842297820137,1.87327811073193,0.250688755707228,2.2780207187699,0.212121212121212,0.156944612666873,0.575174825174825,1.5862645279863,0.212121212121212,0.430494820307524,TRUE,"SCP","GN"
"SCP | GN",2006,2023,18,13,0.722222222222222,2.99182402298355e-06,0.120333519758175,1.74777599146854,1.91746636594273,0.545923632610939,50.6803102657645,50.6803102657645,4.66961659835118,1.89111095155963,0.243555619376148,2.12516002851045,0.332750582750583,0.634305380169239,0.332750582750583,2.53568504731898,0.0675990675990676,0.366078738170255,TRUE,"SCP","GN"
"SCP | GN",2007,2023,17,12,0.705882352941177,2.80875897661223e-06,0.158853924117188,1.70750778519657,1.91746636594273,0.553921568627451,49.8869666125137,49.8869666125137,3.07991756053428,1.8162365664687,0.27350537341252,0.183102048111352,0.474025974025974,0.462098120373297,0.474025974025974,1.95257306326764,0.142857142857143,0.511856734183089,TRUE,"SCP","GN"
"SCP | GN",2008,2023,16,11,0.6875,2.68205212576623e-06,0.203930477026803,1.66074494639791,1.91746636594273,0.532352941176471,48.9457901419255,48.9457901419255,1.50137720965707,1.73143036513638,0.307427853945448,0.292963276978162,0.238095238095238,1.85556532783786,0.238095238095238,1.85556532783786,0.0476190476190476,0.510579683848128,TRUE,"SCP","GN"
"SCP | GN",2009,2023,15,10,0.666666666666667,2.69754400949944e-06,0.237414045135627,1.60949507884046,1.91746636594273,0.521428571428571,48.0578349598526,48.0578349598526,0,1.66051491775735,0.335794032897062,0.219722457733622,0.357142857142857,2.00815939292016,0.357142857142857,2.00815939292016,0.0793650793650794,0.49796015176996,TRUE,"SCP","GN"
"SCP | GN",2010,2023,14,9,0.642857142857143,2.84969945683033e-06,0.250862176805918,1.55699946060227,1.91746636594273,0.476923076923077,47.0019741539918,47.0019741539918,12.0598882047617,1.62937391032468,0.348250435870129,NA,NA,NA,NA,NA,NA,NA,TRUE,"SCP","GN"
"SCP | GN",2011,2023,13,8,0.615384615384615,2.79740797546048e-06,0.299007518987407,1.52811942369215,1.91746636594273,0.489010989010989,46.2290803810981,46.2290803810981,9.70968158095346,1.54150340767454,0.383398636930182,NA,NA,NA,NA,NA,NA,NA,TRUE,"SCP","GN"
"SCP | GN",2012,2023,12,7,NA,NA,NA,NA,NA,NA,NA,NA,NA,NA,NA,NA,NA,NA,NA,NA,NA,NA,FALSE,"SCP","GN"
"SCP | GN",2013,2023,11,6,NA,NA,NA,NA,NA,NA,NA,NA,NA,NA,NA,NA,NA,NA,NA,NA,NA,NA,FALSE,"SCP","GN"
"SCP | GN",2014,2023,10,5,NA,NA,NA,NA,NA,NA,NA,NA,NA,NA,NA,NA,NA,NA,NA,NA,NA,NA,FALSE,"SCP","GN"
"SCP | GN",2015,2023,9,4,NA,NA,NA,NA,NA,NA,NA,NA,NA,NA,NA,NA,NA,NA,NA,NA,NA,NA,FALSE,"SCP","GN"
"SCP | GN",2016,2023,8,3,NA,NA,NA,NA,NA,NA,NA,NA,NA,NA,NA,NA,NA,NA,NA,NA,NA,NA,FALSE,"SCP","GN"
"SCP | OBT",2004,2023,20,15,0.75,-2.65152774440559e-07,0.62768837519759,0.635212953997362,1.91746636594273,0.666165413533835,45.6524449169929,30.4349632779952,7.50316144883059,1.72269069793471,0.310923720826117,2.40907766591363,0.118104118104118,3.91505767982961,0.000310800310800311,1.28889156186886,0.372804972804973,0.000132000497545291,TRUE,"SCP","OBT"
"SCP | OBT",2005,2023,19,14,0.736842105263158,-6.90224453732515e-07,0.241739878672886,0.595478711212984,1.91746636594273,0.657894736842105,43.9830733445133,28.27483286433,6.17129048709301,1.87327811073193,0.250688755707228,1.2815950913865,0.212121212121212,2.75546003227083,0.000582750582750583,1.5862645279863,0.212121212121212,0.00362628195725283,TRUE,"SCP","OBT"
"SCP | OBT",2006,2023,18,13,0.722222222222222,-1.06795790625627e-06,0.110307243608324,0.532505595608251,1.91746636594273,0.673890608875129,57.6664894277938,35.4870704171039,16.2268629044185,1.89111095155963,0.243555619376148,1.248183696083,0.277389277389277,2.75546003227083,0.00116550116550117,2.53568504731898,0.0675990675990676,0.00725256391450566,TRUE,"SCP","OBT"
"SCP | OBT",2007,2023,17,12,0.705882352941177,-1.0158179259471e-06,0.189016291613413,0.53116260013585,1.91746636594273,0.688725490196079,43.1063871907265,43.1063871907265,18.2985531845953,1.8162365664687,0.27350537341252,1.60995222742389,0.474025974025974,3.49021452691989,0.00216450216450216,1.95257306326764,0.142857142857143,0.00551715879956827,TRUE,"SCP","OBT"
"SCP | OBT",2008,2023,16,11,0.6875,-9.7131424413085e-07,0.259666014009505,0.541239108856424,1.91746636594273,0.647058823529412,40.3441017308187,40.3441017308187,8.53037203590237,1.73143036513638,0.307427853945448,1.54780104833074,0.818181818181818,3.49021452691989,0.00432900432900433,1.85556532783786,0.0476190476190476,0.0110343175991365,TRUE,"SCP","OBT"
"SCP | OBT",2009,2023,15,10,0.666666666666667,-1.04634558755444e-06,0.285608227932468,0.552538238515525,1.91746636594273,0.589285714285714,39.4478854444489,39.4478854444489,13.7168483072165,1.66051491775735,0.335794032897062,0.80042451517385,1,3.00000645337289,0.00793650793650794,2.00815939292016,0.0793650793650794,0.0396822835963137,TRUE,"SCP","OBT"
"SCP | OBT",2010,2023,14,9,0.642857142857143,-1.58902873501924e-06,0.193446308919271,0.571267333866227,1.91746636594273,0.507692307692308,39.7280629242901,39.7280629242901,5.38609831384848,1.62937391032468,0.348250435870129,NA,NA,NA,NA,NA,NA,NA,TRUE,"SCP","OBT"
"SCP | OBT",2011,2023,13,8,0.615384615384615,-5.5709311478247e-06,0.0187315982405337,0.285095611377803,1.91746636594273,0.461538461538462,63.5156002791981,63.5156002791981,15.9346427335631,1.54150340767454,0.383398636930182,NA,NA,NA,NA,NA,NA,NA,TRUE,"SCP","OBT"
"SCP | OBT",2012,2023,12,7,NA,NA,NA,NA,NA,NA,NA,NA,NA,NA,NA,NA,NA,NA,NA,NA,NA,NA,FALSE,"SCP","OBT"
"SCP | OBT",2013,2023,11,6,NA,NA,NA,NA,NA,NA,NA,NA,NA,NA,NA,NA,NA,NA,NA,NA,NA,NA,FALSE,"SCP","OBT"
"SCP | OBT",2014,2023,10,5,NA,NA,NA,NA,NA,NA,NA,NA,NA,NA,NA,NA,NA,NA,NA,NA,NA,NA,FALSE,"SCP","OBT"
"SCP | OBT",2015,2023,9,4,NA,NA,NA,NA,NA,NA,NA,NA,NA,NA,NA,NA,NA,NA,NA,NA,NA,NA,FALSE,"SCP","OBT"
"SCP | OBT",2016,2023,8,3,NA,NA,NA,NA,NA,NA,NA,NA,NA,NA,NA,NA,NA,NA,NA,NA,NA,NA,FALSE,"SCP","OBT"
"SCP | PS",2004,2023,20,15,0.75,-6.54425281991907e-08,0.973014814583218,1.01846918286169,1.91746636594273,0.296240601503759,51.0985617768952,34.0657078512635,5.19704498317301,1.72269069793471,0.310923720826117,0.445594616074251,0.372804972804973,2.40907766591363,0.141414141414141,1.28889156186886,0.372804972804973,0.397730583521594,TRUE,"SCP","PS"
"SCP | PS",2005,2023,19,14,0.736842105263158,-9.57016952311433e-08,0.960003887475618,1.01934551685288,1.91746636594273,0.249122807017544,50.0296394711308,32.1619110885841,3.97250435961605,1.87327811073193,0.250688755707228,1.5862645279863,0.212121212121212,1.5862645279863,0.212121212121212,1.5862645279863,0.212121212121212,0.603433868003424,TRUE,"SCP","PS"
"SCP | PS",2006,2023,18,13,0.722222222222222,-2.15558934909523e-08,0.991312081828192,1.01415673918048,1.91746636594273,0.232198142414861,49.1116828147841,30.2225740398671,2.68011207203037,1.89111095155963,0.243555619376148,1.48235975791333,0.0909090909090909,1.48235975791333,0.0909090909090909,2.53568504731898,0.0675990675990676,0.366078738170255,TRUE,"SCP","PS"
"SCP | PS",2007,2023,17,12,0.705882352941177,-2.47892162548809e-07,0.903029017508502,1.00403909940814,1.91746636594273,0.264705882352941,48.4408881811411,28.2571847723323,1.7334244432127,1.8162365664687,0.27350537341252,0.462098120373297,0.142857142857143,1.60995222742389,0.142857142857143,1.95257306326764,0.142857142857143,0.511856734183089,TRUE,"SCP","PS"
"SCP | PS",2008,2023,16,11,0.6875,-4.05938904067447e-07,0.848849982004469,0.994056691430452,1.91746636594273,0.273529411764706,47.5328063234757,25.9269852673504,0.823308701175365,1.73143036513638,0.307427853945448,0.292963276978162,0.590909090909091,1.54780104833074,0.238095238095238,1.85556532783786,0.0476190476190476,0.510579683848128,TRUE,"SCP","PS"
"SCP | PS",2009,2023,15,10,0.666666666666667,-4.77326142949703e-07,0.83475574204257,0.98163068932212,1.91746636594273,0.282142857142857,46.4940201748665,46.4940201748665,7.58489327146216,1.66051491775735,0.335794032897062,0.80042451517385,0.873015873015873,0.80042451517385,0.357142857142857,2.00815939292016,0.0793650793650794,0.49796015176996,TRUE,"SCP","PS"
"SCP | PS",2010,2023,14,9,0.642857142857143,-4.42572470770767e-07,0.858832001217625,0.967489539375664,1.91746636594273,0.279120879120879,45.3627539524941,45.3627539524941,5.32626183200204,1.62937391032468,0.348250435870129,NA,NA,NA,NA,NA,NA,NA,TRUE,"SCP","PS"
"SCP | PS",2011,2023,13,8,0.615384615384615,-5.91437501790335e-07,0.827914698772534,0.951672829829783,1.91746636594273,0.285714285714286,44.2460534612102,44.2460534612102,3.81402842147977,1.54150340767454,0.383398636930182,NA,NA,NA,NA,NA,NA,NA,TRUE,"SCP","PS"
"SCP | PS",2012,2023,12,7,NA,NA,NA,NA,NA,NA,NA,NA,NA,NA,NA,NA,NA,NA,NA,NA,NA,NA,FALSE,"SCP","PS"
"SCP | PS",2013,2023,11,6,NA,NA,NA,NA,NA,NA,NA,NA,NA,NA,NA,NA,NA,NA,NA,NA,NA,NA,FALSE,"SCP","PS"
"SCP | PS",2014,2023,10,5,NA,NA,NA,NA,NA,NA,NA,NA,NA,NA,NA,NA,NA,NA,NA,NA,NA,NA,FALSE,"SCP","PS"
"SCP | PS",2015,2023,9,4,NA,NA,NA,NA,NA,NA,NA,NA,NA,NA,NA,NA,NA,NA,NA,NA,NA,NA,FALSE,"SCP","PS"
"SCP | PS",2016,2023,8,3,NA,NA,NA,NA,NA,NA,NA,NA,NA,NA,NA,NA,NA,NA,NA,NA,NA,NA,FALSE,"SCP","PS"
"SCP | PT",2004,2023,20,15,0.75,4.13278545382739e-06,0.0393944970101803,0.790181125654486,1.91746636594273,0.23609022556391,46.6014324102857,46.6014324102857,13.3952552983303,1.72269069793471,0.310923720826117,1.21090322101322,0.252214452214452,1.56578072011902,0.0326340326340326,1.28889156186886,0.372804972804973,0.397191957090137,TRUE,"SCP","PT"
"SCP | PT",2005,2023,19,14,0.736842105263158,3.77064709676385e-06,0.09588600056286,0.728274403503023,1.91746636594273,0.363157894736842,45.1653029797878,29.0348376298636,7.66426002564107,1.87327811073193,0.250688755707228,0.511931276922301,0.575174825174825,1.2815950913865,0.053030303030303,1.5862645279863,0.212121212121212,0.603433868003424,TRUE,"SCP","PT"
"SCP | PT",2006,2023,18,13,0.722222222222222,3.96893226093913e-06,0.127536417728347,0.684890751779517,1.91746636594273,0.519091847265222,44.2439663746262,44.2439663746262,10.5042211576797,1.89111095155963,0.243555619376148,2.2154453366774,0.146853146853147,1.248183696083,0.277389277389277,2.53568504731898,0.0675990675990676,0.366078738170255,TRUE,"SCP","PT"
"SCP | PT",2007,2023,17,12,0.705882352941177,4.84220745421363e-06,0.068571744975788,0.695422152696302,1.91746636594273,0.571078431372549,43.8811939801652,43.8811939801652,9.18015608237639,1.8162365664687,0.27350537341252,1.5140582032733,0.474025974025974,1.60995222742389,0.474025974025974,1.95257306326764,0.142857142857143,0.511856734183089,TRUE,"SCP","PT"
"SCP | PT",2008,2023,16,11,0.6875,5.32627981694684e-06,0.0526769591026075,0.703666803902837,1.91746636594273,0.611764705882353,43.4161850435116,43.4161850435116,14.240637051182,1.73143036513638,0.307427853945448,1.54780104833074,0.474025974025974,1.54780104833074,0.590909090909091,1.85556532783786,0.0476190476190476,0.510579683848128,TRUE,"SCP","PT"
"SCP | PT",2009,2023,15,10,0.666666666666667,5.67291006329746e-06,0.054044121455538,0.713688458794149,1.91746636594273,0.635714285714286,42.9030327071642,42.9030327071642,12.6033692629515,1.66051491775735,0.335794032897062,2.17034543616343,0.873015873015873,0.80042451517385,0.873015873015873,2.00815939292016,0.0793650793650794,0.457413640959143,TRUE,"SCP","PT"
"SCP | PT",2010,2023,14,9,0.642857142857143,6.34024802816573e-06,0.0574302863943736,0.733766357818321,1.91746636594273,0.740659340659341,42.9959826290396,42.9959826290396,10.9555106945785,1.62937391032468,0.348250435870129,NA,NA,NA,NA,NA,NA,NA,TRUE,"SCP","PT"
"SCP | PT",2011,2023,13,8,0.615384615384615,6.9457935429844e-06,0.0528298891640182,0.747358589691203,1.91746636594273,0.71978021978022,42.3300983287683,42.3300983287683,9.0284028122982,1.54150340767454,0.383398636930182,NA,NA,NA,NA,NA,NA,NA,TRUE,"SCP","PT"
"SCP | PT",2012,2023,12,7,NA,NA,NA,NA,NA,NA,NA,NA,NA,NA,NA,NA,NA,NA,NA,NA,NA,NA,FALSE,"SCP","PT"
"SCP | PT",2013,2023,11,6,NA,NA,NA,NA,NA,NA,NA,NA,NA,NA,NA,NA,NA,NA,NA,NA,NA,NA,FALSE,"SCP","PT"
"SCP | PT",2014,2023,10,5,NA,NA,NA,NA,NA,NA,NA,NA,NA,NA,NA,NA,NA,NA,NA,NA,NA,NA,FALSE,"SCP","PT"
"SCP | PT",2015,2023,9,4,NA,NA,NA,NA,NA,NA,NA,NA,NA,NA,NA,NA,NA,NA,NA,NA,NA,NA,FALSE,"SCP","PT"
"SCP | PT",2016,2023,8,3,NA,NA,NA,NA,NA,NA,NA,NA,NA,NA,NA,NA,NA,NA,NA,NA,NA,NA,FALSE,"SCP","PT"
